op,example_input,result_emojis,result,model_input,failed_inputs,errors
min,"[1, 2, 3, 2, 3, 4, 2]",ğŸ’€âŒâŒâŒ,efff,input/incoder/rolling/0.txt,"[[""[1, 1, 1, 1]"", ""1""], [""[4, 3, 2, 1]"", ""1""], [""[3, 2, 2, 2, 2]"", ""2""]]","[""list index out of range""]"
min,"[1, 2, 2, 2]",ğŸ’€âœ…âœ…âœ…,eppp,input/incoder/rolling/1.txt,[],"[""list index out of range""]"
min,"[434839248, 43, 43948294823948932489324839483924, 138193819389123891238193193893893821938921, -54378957489578927489327489]",ğŸ’€âŒâŒâŒ,efff,input/incoder/rolling/2.txt,"[[""[1, 1, 1, 1]"", ""1""], [""[4, 3, 2, 1]"", ""1""], [""[3, 2, 2, 2, 2]"", ""2""]]","[""list index out of range""]"
max,"[1, 2, 3, 2, 3, 4, 2]",ğŸ’€âŒâŒâŒ,efff,input/incoder/rolling/3.txt,"[[""[1, 2, 3, 4]"", ""[4, 4, 4, 4, 4, 4, 4]""], [""[4, 4, 4, 4]"", ""[4, 4, 4, 4, 4, 4, 4]""], [""[3, 3, 3, 100, 100]"", ""[100, 100, 100, 100, 100, 100, 100]""]]","[""max() arg is an empty sequence""]"
max,"[1, 2, 2, 2]",âœ…ğŸ’€ğŸ’€ğŸ’€,peee,input/incoder/rolling/4.txt,[],"[""'>' not supported between instances of 'int' and 'list'"", ""'>' not supported between instances of 'int' and 'list'"", ""'>' not supported between instances of 'int' and 'list'""]"
max,"[434839248, 43, 43948294823948932489324839483924, 138193819389123891238193193893893821938921, -54378957489578927489327489]",ğŸ’€ğŸ’€ğŸ’€ğŸ’€,eeee,input/incoder/rolling/5.txt,[],"[""max() arg is an empty sequence"", ""name 'roll' is not defined"", ""name 'roll' is not defined"", ""name 'roll' is not defined""]"
sum,"[1, 2, 3, 2, 3, 4, 2]",âœ…âœ…âœ…âœ…,pppp,input/incoder/rolling/6.txt,[],[]
sum,"[1, 2, 2, 2]",âœ…âœ…âœ…âœ…,pppp,input/incoder/rolling/7.txt,[],[]
sum,"[434839248, 43, 43948294823948932489324839483924, 138193819389123891238193193893893821938921, -54378957489578927489327489]",âŒâŒâŒâŒ,ffff,input/incoder/rolling/8.txt,"[[""[]"", ""[0]""], [""[1, 3, 6, 10]"", ""[0, 1, 3, 6, 10]""], [""[4, 7, 9, 10]"", ""[0, 4, 7, 9, 10]""], [""[3, 5, 8, 108, 111]"", ""[0, 3, 5, 8, 108, 111]""]]",[]
