var1_name,var2_name,line_order1,line_order2,line_order3,op1,op2,op3,result_emojis,result,model_input,failed_inputs,errors
a,b,first,second,third,sum,difference,product,âœ…âœ…âœ…âœ…âœ…âœ…,pppppp,input/incoder/arithmetic/869.txt,[],[]
a,b,first,second,third,sum,product,difference,âŒâŒâœ…âœ…âŒâŒ,ffppff,input/incoder/arithmetic/871.txt,"[[""(8, 15, -2)"", ""(8, 0, 8)""], [""(17, 70, -3)"", ""(17, 0, 17)""], [""(1, 0, -1)"", ""(1, 0, 1)""], [""(120, 2000, 80)"", ""(120, 0, 120)""]]",[]
a,b,first,second,third,difference,sum,product,âœ…âœ…âœ…âœ…âœ…âœ…,pppppp,input/incoder/arithmetic/875.txt,[],[]
a,b,first,second,third,difference,product,sum,âœ…âœ…âœ…âœ…âœ…âœ…,pppppp,input/incoder/arithmetic/879.txt,[],[]
a,b,first,second,third,product,sum,difference,âœ…âœ…âœ…âœ…âœ…âœ…,pppppp,input/incoder/arithmetic/883.txt,[],[]
a,b,first,second,third,product,difference,sum,âœ…âœ…âœ…âœ…âœ…âœ…,pppppp,input/incoder/arithmetic/885.txt,[],[]
a,b,first,third,second,sum,difference,product,âŒâŒâœ…âŒâŒâŒ,ffpfff,input/incoder/arithmetic/923.txt,"[[""(8, 15, -2)"", ""(8, -2, 15)""], [""(17, 70, -3)"", ""(17, -3, 70)""], [""(1, 0, 1)"", ""(1, 1, 0)""], [""(1, 0, -1)"", ""(1, -1, 0)""], [""(120, 2000, 80)"", ""(120, 80, 2000)""]]",[]
a,b,first,third,second,sum,product,difference,âŒâŒâœ…âŒâŒâŒ,ffpfff,input/incoder/arithmetic/925.txt,"[[""(8, -2, 15)"", ""(8, 15, -2)""], [""(17, -3, 70)"", ""(17, 70, -3)""], [""(1, 1, 0)"", ""(1, 0, 1)""], [""(1, -1, 0)"", ""(1, 0, -1)""], [""(120, 80, 2000)"", ""(120, 2000, 80)""]]",[]
a,b,first,third,second,difference,sum,product,âŒâŒâœ…âŒâŒâŒ,ffpfff,input/incoder/arithmetic/929.txt,"[[""(-2, 15, 8)"", ""(-2, 8, 15)""], [""(-3, 70, 17)"", ""(-3, 17, 70)""], [""(1, 0, 1)"", ""(1, 1, 0)""], [""(-1, 0, 1)"", ""(-1, 1, 0)""], [""(80, 2000, 120)"", ""(80, 120, 2000)""]]",[]
a,b,first,third,second,difference,product,sum,âŒâŒâœ…âŒâŒâŒ,ffpfff,input/incoder/arithmetic/933.txt,"[[""(-2, 8, 15)"", ""(3, 5, 15)""], [""(-3, 17, 70)"", ""(7, 10, 70)""], [""(1, 1, 0)"", ""(1, 0, 0)""], [""(-1, 1, 0)"", ""(0, 1, 0)""], [""(80, 120, 2000)"", ""(100, 20, 2000)""]]",[]
a,b,first,third,second,product,sum,difference,âŒâŒâœ…âœ…âŒâŒ,ffppff,input/incoder/arithmetic/937.txt,"[[""(15, -2, 8)"", ""(15, 8, -2)""], [""(70, -3, 17)"", ""(70, 17, -3)""], [""(0, -1, 1)"", ""(0, 1, -1)""], [""(2000, 80, 120)"", ""(2000, 120, 80)""]]",[]
a,b,first,third,second,product,difference,sum,âŒâŒâœ…âŒâŒâŒ,ffpfff,input/incoder/arithmetic/939.txt,"[[""(15, 8, -2)"", ""(8, -2, 8)""], [""(70, 17, -3)"", ""(17, -3, 17)""], [""(0, 1, 1)"", ""(1, 1, 1)""], [""(0, 1, -1)"", ""(1, -1, 1)""], [""(2000, 120, 80)"", ""(120, 80, 120)""]]",[]
a,b,second,first,third,sum,difference,product,âŒâŒâœ…âŒâŒâŒ,ffpfff,input/incoder/arithmetic/1031.txt,"[[""(-2, 8, 15)"", ""(8, 2, 15)""], [""(-3, 17, 70)"", ""(17, 3, 70)""], [""(1, 1, 0)"", ""(1, -1, 0)""], [""(-1, 1, 0)"", ""(1, 1, 0)""], [""(80, 120, 2000)"", ""(120, -80, 2000)""]]",[]
a,b,second,first,third,sum,product,difference,âŒâŒâœ…âŒâŒâŒ,ffpfff,input/incoder/arithmetic/1033.txt,"[[""(15, 8, -2)"", ""(8, 15, -2)""], [""(70, 17, -3)"", ""(17, 70, -3)""], [""(0, 1, 1)"", ""(1, 0, 1)""], [""(0, 1, -1)"", ""(1, 0, -1)""], [""(2000, 120, 80)"", ""(120, 2000, 80)""]]",[]
a,b,second,first,third,difference,sum,product,âŒâŒâœ…âœ…âŒâŒ,ffppff,input/incoder/arithmetic/1037.txt,"[[""(8, -2, 15)"", ""(-2, 8, 15)""], [""(17, -3, 70)"", ""(-3, 17, 70)""], [""(1, -1, 0)"", ""(-1, 1, 0)""], [""(120, 80, 2000)"", ""(80, 120, 2000)""]]",[]
a,b,second,first,third,difference,product,sum,âŒâŒâœ…âŒâŒâŒ,ffpfff,input/incoder/arithmetic/1041.txt,"[[""(15, -2, 8)"", ""(-2, 15, 8)""], [""(70, -3, 17)"", ""(-3, 70, 17)""], [""(0, 1, 1)"", ""(1, 0, 1)""], [""(0, -1, 1)"", ""(-1, 0, 1)""], [""(2000, 80, 120)"", ""(80, 2000, 120)""]]",[]
a,b,second,first,third,product,sum,difference,âŒâŒâœ…âŒâŒâŒ,ffpfff,input/incoder/arithmetic/1045.txt,"[[""(8, 15, -2)"", ""(15, 8, -2)""], [""(17, 70, -3)"", ""(70, 17, -3)""], [""(1, 0, 1)"", ""(0, 1, 1)""], [""(1, 0, -1)"", ""(0, 1, -1)""], [""(120, 2000, 80)"", ""(2000, 120, 80)""]]",[]
a,b,second,first,third,product,difference,sum,âŒâŒâœ…âŒâŒâŒ,ffpfff,input/incoder/arithmetic/1047.txt,"[[""(-2, 15, 8)"", ""(15, -2, 8)""], [""(-3, 70, 17)"", ""(70, -3, 17)""], [""(1, 0, 1)"", ""(0, 1, 1)""], [""(-1, 0, 1)"", ""(0, -1, 1)""], [""(80, 2000, 120)"", ""(2000, 80, 120)""]]",[]
a,b,second,third,first,sum,difference,product,âŒâŒâœ…âŒâŒâŒ,ffpfff,input/incoder/arithmetic/1139.txt,"[[""(15, 8, -2)"", ""(8, -2, 15)""], [""(70, 17, -3)"", ""(17, -3, 70)""], [""(0, 1, 1)"", ""(1, 1, 0)""], [""(0, 1, -1)"", ""(1, -1, 0)""], [""(2000, 120, 80)"", ""(120, 80, 2000)""]]",[]
a,b,second,third,first,sum,product,difference,âŒâŒâœ…âŒâŒâŒ,ffpfff,input/incoder/arithmetic/1141.txt,"[[""(-2, 8, 15)"", ""(8, 15, -2)""], [""(-3, 17, 70)"", ""(17, 70, -3)""], [""(1, 1, 0)"", ""(1, 0, 1)""], [""(-1, 1, 0)"", ""(1, 0, -1)""], [""(80, 120, 2000)"", ""(120, 2000, 80)""]]",[]
a,b,second,third,first,difference,sum,product,âŒâŒâœ…âŒâŒâŒ,ffpfff,input/incoder/arithmetic/1145.txt,"[[""(15, -2, 8)"", ""(-2, 8, 15)""], [""(70, -3, 17)"", ""(-3, 17, 70)""], [""(0, 1, 1)"", ""(1, 1, 0)""], [""(0, -1, 1)"", ""(-1, 1, 0)""], [""(2000, 80, 120)"", ""(80, 120, 2000)""]]",[]
a,b,second,third,first,difference,product,sum,âŒâŒâœ…âŒâŒâŒ,ffpfff,input/incoder/arithmetic/1149.txt,"[[""(8, -2, 15)"", ""(-2, 15, 15)""], [""(17, -3, 70)"", ""(-3, 70, 70)""], [""(1, 1, 0)"", ""(1, 0, 0)""], [""(1, -1, 0)"", ""(-1, 0, 0)""], [""(120, 80, 2000)"", ""(80, 2000, 2000)""]]",[]
a,b,second,third,first,product,sum,difference,âŒâŒâœ…âŒâŒâŒ,ffpfff,input/incoder/arithmetic/1153.txt,"[[""(-2, 15, 8)"", ""(15, 8, -2)""], [""(-3, 70, 17)"", ""(70, 17, -3)""], [""(1, 0, 1)"", ""(0, 1, 1)""], [""(-1, 0, 1)"", ""(0, 1, -1)""], [""(80, 2000, 120)"", ""(2000, 120, 80)""]]",[]
a,b,second,third,first,product,difference,sum,âŒâŒâŒâŒâŒâŒ,ffffff,input/incoder/arithmetic/1155.txt,"[[""(8, 15, -2)"", ""(15, -2)""], [""(17, 70, -3)"", ""(70, -3)""], [""(0, 0, 0)"", ""(0, 0)""], [""(1, 0, 1)"", ""(0, 1)""], [""(1, 0, -1)"", ""(0, -1)""], [""(120, 2000, 80)"", ""(2000, 80)""]]",[]
a,b,third,first,second,sum,difference,product,âŒâŒâœ…âŒâŒâŒ,ffpfff,input/incoder/arithmetic/1247.txt,"[[""(-2, 15, 8)"", ""(8, 2, 15)""], [""(-3, 70, 17)"", ""(17, 3, 70)""], [""(1, 0, 1)"", ""(1, -1, 0)""], [""(-1, 0, 1)"", ""(1, 1, 0)""], [""(80, 2000, 120)"", ""(120, -80, 2000)""]]",[]
a,b,third,first,second,sum,product,difference,âŒâŒâœ…âŒâŒâŒ,ffpfff,input/incoder/arithmetic/1249.txt,"[[""(15, -2, 8)"", ""(8, 15, -2)""], [""(70, -3, 17)"", ""(17, 70, -3)""], [""(0, 1, 1)"", ""(1, 0, 1)""], [""(0, -1, 1)"", ""(1, 0, -1)""], [""(2000, 80, 120)"", ""(120, 2000, 80)""]]",[]
a,b,third,first,second,difference,sum,product,âŒâŒâœ…âŒâŒâŒ,ffpfff,input/incoder/arithmetic/1253.txt,"[[""(8, 15, -2)"", ""(-2, 8, 15)""], [""(17, 70, -3)"", ""(-3, 17, 70)""], [""(1, 0, 1)"", ""(1, 1, 0)""], [""(1, 0, -1)"", ""(-1, 1, 0)""], [""(120, 2000, 80)"", ""(80, 120, 2000)""]]",[]
a,b,third,first,second,difference,product,sum,âŒâŒâœ…âŒâŒâŒ,ffpfff,input/incoder/arithmetic/1257.txt,"[[""(15, 8, -2)"", ""(-2, 15, 8)""], [""(70, 17, -3)"", ""(-3, 70, 17)""], [""(0, 1, 1)"", ""(1, 0, 1)""], [""(0, 1, -1)"", ""(-1, 0, 1)""], [""(2000, 120, 80)"", ""(80, 2000, 120)""]]",[]
a,b,third,first,second,product,sum,difference,âŒâŒâœ…âŒâŒâŒ,ffpfff,input/incoder/arithmetic/1261.txt,"[[""(8, -2, 15)"", ""(15, 8, -2)""], [""(17, -3, 70)"", ""(70, 17, -3)""], [""(1, 1, 0)"", ""(0, 1, 1)""], [""(1, -1, 0)"", ""(0, 1, -1)""], [""(120, 80, 2000)"", ""(2000, 120, 80)""]]",[]
a,b,third,first,second,product,difference,sum,âŒâŒâœ…âŒâŒâŒ,ffpfff,input/incoder/arithmetic/1263.txt,"[[""(-2, 8, 15)"", ""(15, 2, 8)""], [""(-3, 17, 70)"", ""(70, 3, 17)""], [""(1, 1, 0)"", ""(0, -1, 1)""], [""(-1, 1, 0)"", ""(0, 1, 1)""], [""(80, 120, 2000)"", ""(2000, -80, 120)""]]",[]
a,b,third,second,first,sum,difference,product,âŒâŒâœ…âŒâŒâŒ,ffpfff,input/incoder/arithmetic/1301.txt,"[[""(15, -2, 8)"", ""(8, 2, 15)""], [""(70, -3, 17)"", ""(17, 3, 70)""], [""(0, 1, 1)"", ""(1, -1, 0)""], [""(0, -1, 1)"", ""(1, 1, 0)""], [""(2000, 80, 120)"", ""(120, -80, 2000)""]]",[]
a,b,third,second,first,sum,product,difference,âŒâŒâœ…âœ…âŒâŒ,ffppff,input/incoder/arithmetic/1303.txt,"[[""(-2, 15, 8)"", ""(8, 15, -2)""], [""(-3, 70, 17)"", ""(17, 70, -3)""], [""(-1, 0, 1)"", ""(1, 0, -1)""], [""(80, 2000, 120)"", ""(120, 2000, 80)""]]",[]
a,b,third,second,first,difference,sum,product,âŒâŒâœ…âŒâŒâŒ,ffpfff,input/incoder/arithmetic/1307.txt,"[[""(15, 8, -2)"", ""(-2, 8, 15)""], [""(70, 17, -3)"", ""(-3, 17, 70)""], [""(0, 1, 1)"", ""(1, 1, 0)""], [""(0, 1, -1)"", ""(-1, 1, 0)""], [""(2000, 120, 80)"", ""(80, 120, 2000)""]]",[]
a,b,third,second,first,difference,product,sum,âŒâŒâœ…âœ…âŒâŒ,ffppff,input/incoder/arithmetic/1311.txt,"[[""(8, 15, -2)"", ""(-2, 15, 8)""], [""(17, 70, -3)"", ""(-3, 70, 17)""], [""(1, 0, -1)"", ""(-1, 0, 1)""], [""(120, 2000, 80)"", ""(80, 2000, 120)""]]",[]
a,b,third,second,first,product,sum,difference,âŒâŒâŒâŒâŒâŒ,ffffff,input/incoder/arithmetic/1315.txt,"[[""(-2, 8, 15)"", ""(15, 8)""], [""(-3, 17, 70)"", ""(70, 17)""], [""(0, 0, 0)"", ""(0, 0)""], [""(1, 1, 0)"", ""(0, 1)""], [""(-1, 1, 0)"", ""(0, 1)""], [""(80, 120, 2000)"", ""(2000, 120)""]]",[]
a,b,third,second,first,product,difference,sum,âŒâŒâŒâŒâŒâŒ,ffffff,input/incoder/arithmetic/1317.txt,"[[""(8, -2, 15)"", ""(15, -2)""], [""(17, -3, 70)"", ""(70, -3)""], [""(0, 0, 0)"", ""(0, 0)""], [""(1, 1, 0)"", ""(0, 1)""], [""(1, -1, 0)"", ""(0, -1)""], [""(120, 80, 2000)"", ""(2000, 80)""]]",[]
a,fekjfwoeifjwu5gfd,first,second,third,sum,difference,product,âœ…âœ…âœ…âœ…âœ…âœ…,pppppp,input/incoder/arithmetic/1598.txt,[],[]
a,fekjfwoeifjwu5gfd,first,second,third,sum,product,difference,ğŸ’€ğŸ’€ğŸ’€ğŸ’€ğŸ’€ğŸ’€,eeeeee,input/incoder/arithmetic/1600.txt,[],"[""'int' object is not iterable"", ""'int' object is not iterable"", ""'int' object is not iterable"", ""'int' object is not iterable"", ""'int' object is not iterable"", ""'int' object is not iterable""]"
a,fekjfwoeifjwu5gfd,first,second,third,difference,sum,product,ğŸ’€ğŸ’€ğŸ’€ğŸ’€ğŸ’€ğŸ’€,eeeeee,input/incoder/arithmetic/1604.txt,[],"[""'int' object is not subscriptable"", ""'int' object is not subscriptable"", ""'int' object is not subscriptable"", ""'int' object is not subscriptable"", ""'int' object is not subscriptable"", ""'int' object is not subscriptable""]"
a,fekjfwoeifjwu5gfd,first,second,third,difference,product,sum,âŒâŒâœ…âŒâŒâŒ,ffpfff,input/incoder/arithmetic/1608.txt,"[[""(-2, 15, 8)"", ""(-2, 5, -10)""], [""(-3, 70, 17)"", ""(-3, 10, -30)""], [""(1, 0, 1)"", ""(1, 0, 0)""], [""(-1, 0, 1)"", ""(-1, 1, -1)""], [""(80, 2000, 120)"", ""(80, 20, 1600)""]]",[]
a,fekjfwoeifjwu5gfd,first,second,third,product,sum,difference,ğŸ’€ğŸ’€ğŸ’€ğŸ’€ğŸ’€ğŸ’€,eeeeee,input/incoder/arithmetic/1612.txt,[],"[""name 'b' is not defined"", ""name 'b' is not defined"", ""name 'b' is not defined"", ""name 'b' is not defined"", ""name 'b' is not defined"", ""name 'b' is not defined""]"
a,fekjfwoeifjwu5gfd,first,second,third,product,difference,sum,âœ…âœ…âœ…âœ…âœ…âœ…,pppppp,input/incoder/arithmetic/1614.txt,[],[]
a,fekjfwoeifjwu5gfd,first,third,second,sum,difference,product,âŒâŒâœ…âŒâŒâŒ,ffpfff,input/incoder/arithmetic/1652.txt,"[[""(8, 15, -2)"", ""(8, -2, 15)""], [""(17, 70, -3)"", ""(17, -3, 70)""], [""(1, 0, 1)"", ""(1, 1, 0)""], [""(1, 0, -1)"", ""(1, -1, 0)""], [""(120, 2000, 80)"", ""(120, 80, 2000)""]]",[]
a,fekjfwoeifjwu5gfd,first,third,second,sum,product,difference,âŒâŒâŒâŒâŒâŒ,ffffff,input/incoder/arithmetic/1654.txt,"[[""(8, -2, 15)"", ""(8, 5, 15, 3)""], [""(17, -3, 70)"", ""(17, 10, 70, 7)""], [""(0, 0, 0)"", ""(0, 0, 0, 0)""], [""(1, 1, 0)"", ""(1, 0, 0, 1)""], [""(1, -1, 0)"", ""(1, 1, 0, 0)""], [""(120, 80, 2000)"", ""(120, 20, 2000, 100)""]]",[]
a,fekjfwoeifjwu5gfd,first,third,second,difference,sum,product,âŒâŒâœ…âŒâŒâŒ,ffpfff,input/incoder/arithmetic/1658.txt,"[[""(-2, 15, 8)"", ""(-2, 75, 15)""], [""(-3, 70, 17)"", ""(-3, 700, 70)""], [""(1, 0, 1)"", ""(1, 0, 0)""], [""(-1, 0, 1)"", ""(-1, 0, 0)""], [""(80, 2000, 120)"", ""(80, 40000, 2000)""]]",[]
a,fekjfwoeifjwu5gfd,first,third,second,difference,product,sum,âŒâŒâœ…âŒâŒâŒ,ffpfff,input/incoder/arithmetic/1662.txt,"[[""(-2, 8, 15)"", ""(15, 8, 8)""], [""(-3, 17, 70)"", ""(70, 17, 17)""], [""(1, 1, 0)"", ""(0, 1, 1)""], [""(-1, 1, 0)"", ""(0, 1, 1)""], [""(80, 120, 2000)"", ""(2000, 120, 120)""]]",[]
a,fekjfwoeifjwu5gfd,first,third,second,product,sum,difference,âŒâŒâœ…âœ…âŒâŒ,ffppff,input/incoder/arithmetic/1666.txt,"[[""(15, -2, 8)"", ""(15, 8, -2)""], [""(70, -3, 17)"", ""(70, 17, -3)""], [""(0, -1, 1)"", ""(0, 1, -1)""], [""(2000, 80, 120)"", ""(2000, 120, 80)""]]",[]
a,fekjfwoeifjwu5gfd,first,third,second,product,difference,sum,âŒâŒâœ…âœ…âŒâŒ,ffppff,input/incoder/arithmetic/1668.txt,"[[""(15, 8, -2)"", ""(5, -2, 8)""], [""(70, 17, -3)"", ""(10, -3, 17)""], [""(0, 1, -1)"", ""(1, -1, 1)""], [""(2000, 120, 80)"", ""(20, 80, 120)""]]",[]
a,fekjfwoeifjwu5gfd,second,first,third,sum,difference,product,âŒâŒâœ…âœ…âŒâŒ,ffppff,input/incoder/arithmetic/1760.txt,"[[""(-2, 8, 15)"", ""(8, -2, 15)""], [""(-3, 17, 70)"", ""(17, -3, 70)""], [""(-1, 1, 0)"", ""(1, -1, 0)""], [""(80, 120, 2000)"", ""(120, 80, 2000)""]]",[]
a,fekjfwoeifjwu5gfd,second,first,third,sum,product,difference,âŒâŒâœ…âŒâŒâŒ,ffpfff,input/incoder/arithmetic/1762.txt,"[[""(15, 8, -2)"", ""(15, 15, 12)""], [""(70, 17, -3)"", ""(70, 70, 63)""], [""(0, 1, 1)"", ""(0, 0, -1)""], [""(0, 1, -1)"", ""(0, 0, 0)""], [""(2000, 120, 80)"", ""(2000, 2000, 1900)""]]",[]
a,fekjfwoeifjwu5gfd,second,first,third,difference,sum,product,âŒâŒâœ…âœ…âŒâŒ,ffppff,input/incoder/arithmetic/1766.txt,"[[""(8, -2, 15)"", ""(-2, 8, 15)""], [""(17, -3, 70)"", ""(-3, 17, 70)""], [""(1, -1, 0)"", ""(-1, 1, 0)""], [""(120, 80, 2000)"", ""(80, 120, 2000)""]]",[]
a,fekjfwoeifjwu5gfd,second,first,third,difference,product,sum,âŒâŒâœ…âœ…âŒâŒ,ffppff,input/incoder/arithmetic/1770.txt,"[[""(15, -2, 8)"", ""(3, 5, 0)""], [""(70, -3, 17)"", ""(7, 10, 0)""], [""(0, -1, 1)"", ""(0, 1, 0)""], [""(2000, 80, 120)"", ""(20, 100, 100)""]]",[]
a,fekjfwoeifjwu5gfd,second,first,third,product,sum,difference,âŒâŒâœ…âœ…âœ…âŒ,ffpppf,input/incoder/arithmetic/1774.txt,"[[""(8, 15, -2)"", ""(8, 0, -2)""], [""(17, 70, -3)"", ""(17, 0, -3)""], [""(120, 2000, 80)"", ""(120, 0, 80)""]]",[]
a,fekjfwoeifjwu5gfd,second,first,third,product,difference,sum,âŒâŒâœ…âŒâŒâŒ,ffpfff,input/incoder/arithmetic/1776.txt,"[[""(-2, 15, 8)"", ""(15, -2, 8)""], [""(-3, 70, 17)"", ""(70, -3, 17)""], [""(1, 0, 1)"", ""(0, 1, 1)""], [""(-1, 0, 1)"", ""(0, -1, 1)""], [""(80, 2000, 120)"", ""(2000, 80, 120)""]]",[]
a,fekjfwoeifjwu5gfd,second,third,first,sum,difference,product,âŒâŒâœ…âŒâŒâŒ,ffpfff,input/incoder/arithmetic/1868.txt,"[[""(15, 8, -2)"", ""(8, -2, 15)""], [""(70, 17, -3)"", ""(17, -3, 70)""], [""(0, 1, 1)"", ""(1, 1, 0)""], [""(0, 1, -1)"", ""(1, -1, 0)""], [""(2000, 120, 80)"", ""(120, 80, 2000)""]]",[]
a,fekjfwoeifjwu5gfd,second,third,first,sum,product,difference,âŒâŒâœ…âŒâŒâŒ,ffpfff,input/incoder/arithmetic/1870.txt,"[[""(-2, 8, 15)"", ""(8, 15, -2)""], [""(-3, 17, 70)"", ""(17, 70, -3)""], [""(1, 1, 0)"", ""(1, 0, 1)""], [""(-1, 1, 0)"", ""(1, 0, -1)""], [""(80, 120, 2000)"", ""(120, 2000, 80)""]]",[]
a,fekjfwoeifjwu5gfd,second,third,first,difference,sum,product,âŒâŒâœ…âœ…âŒâŒ,ffppff,input/incoder/arithmetic/1874.txt,"[[""(15, -2, 8)"", ""(15, 8, 3)""], [""(70, -3, 17)"", ""(70, 17, 7)""], [""(0, -1, 1)"", ""(0, 1, 0)""], [""(2000, 80, 120)"", ""(2000, 120, 100)""]]",[]
a,fekjfwoeifjwu5gfd,second,third,first,difference,product,sum,âŒâŒâœ…âŒâŒâŒ,ffpfff,input/incoder/arithmetic/1878.txt,"[[""(8, -2, 15)"", ""(3, 5, 15)""], [""(17, -3, 70)"", ""(7, 10, 70)""], [""(1, 1, 0)"", ""(1, 0, 0)""], [""(1, -1, 0)"", ""(0, 1, 0)""], [""(120, 80, 2000)"", ""(100, 20, 2000)""]]",[]
a,fekjfwoeifjwu5gfd,second,third,first,product,sum,difference,âŒâŒâœ…âŒâŒâŒ,ffpfff,input/incoder/arithmetic/1882.txt,"[[""(-2, 15, 8)"", ""(-2, -2, 5)""], [""(-3, 70, 17)"", ""(-3, -3, 10)""], [""(1, 0, 1)"", ""(1, 1, 0)""], [""(-1, 0, 1)"", ""(-1, -1, 1)""], [""(80, 2000, 120)"", ""(80, 80, 20)""]]",[]
a,fekjfwoeifjwu5gfd,second,third,first,product,difference,sum,ğŸ’€ğŸ’€ğŸ’€ğŸ’€ğŸ’€ğŸ’€,eeeeee,input/incoder/arithmetic/1884.txt,[],"[""'int' object is not iterable"", ""'int' object is not iterable"", ""'int' object is not iterable"", ""'int' object is not iterable"", ""'int' object is not iterable"", ""'int' object is not iterable""]"
a,fekjfwoeifjwu5gfd,third,first,second,sum,difference,product,âŒâŒâœ…âŒâŒâŒ,ffpfff,input/incoder/arithmetic/1976.txt,"[[""(-2, 15, 8)"", ""(8, -2, 15)""], [""(-3, 70, 17)"", ""(17, -3, 70)""], [""(1, 0, 1)"", ""(1, 1, 0)""], [""(-1, 0, 1)"", ""(1, -1, 0)""], [""(80, 2000, 120)"", ""(120, 80, 2000)""]]",[]
a,fekjfwoeifjwu5gfd,third,first,second,sum,product,difference,ğŸ’€ğŸ’€ğŸ’€ğŸ’€ğŸ’€ğŸ’€,eeeeee,input/incoder/arithmetic/1978.txt,[],"[""name 'b' is not defined"", ""name 'b' is not defined"", ""name 'b' is not defined"", ""name 'b' is not defined"", ""name 'b' is not defined"", ""name 'b' is not defined""]"
a,fekjfwoeifjwu5gfd,third,first,second,difference,sum,product,âŒâŒâœ…âŒâŒâŒ,ffpfff,input/incoder/arithmetic/1982.txt,"[[""(8, 15, -2)"", ""(-2, 15, 15)""], [""(17, 70, -3)"", ""(-3, 70, 70)""], [""(1, 0, 1)"", ""(1, 0, 0)""], [""(1, 0, -1)"", ""(-1, 0, 0)""], [""(120, 2000, 80)"", ""(80, 2000, 2000)""]]",[]
a,fekjfwoeifjwu5gfd,third,first,second,difference,product,sum,ğŸ’€ğŸ’€ğŸ’€ğŸ’€ğŸ’€ğŸ’€,eeeeee,input/incoder/arithmetic/1986.txt,[],"[""cannot unpack non-iterable int object"", ""cannot unpack non-iterable int object"", ""cannot unpack non-iterable int object"", ""cannot unpack non-iterable int object"", ""cannot unpack non-iterable int object"", ""cannot unpack non-iterable int object""]"
a,fekjfwoeifjwu5gfd,third,first,second,product,sum,difference,âŒâŒâœ…âŒâŒâŒ,ffpfff,input/incoder/arithmetic/1990.txt,"[[""(8, -2, 15)"", ""(8, -2, -2)""], [""(17, -3, 70)"", ""(17, -3, -3)""], [""(1, 1, 0)"", ""(1, 1, 1)""], [""(1, -1, 0)"", ""(1, -1, -1)""], [""(120, 80, 2000)"", ""(120, 80, 80)""]]",[]
a,fekjfwoeifjwu5gfd,third,first,second,product,difference,sum,âŒâŒâœ…âŒâŒâŒ,ffpfff,input/incoder/arithmetic/1992.txt,"[[""(-2, 8, 15)"", ""(15, 3, 5)""], [""(-3, 17, 70)"", ""(70, 7, 10)""], [""(1, 1, 0)"", ""(0, 1, 0)""], [""(-1, 1, 0)"", ""(0, 0, 1)""], [""(80, 120, 2000)"", ""(2000, 100, 20)""]]",[]
a,fekjfwoeifjwu5gfd,third,second,first,sum,difference,product,ğŸ’€ğŸ’€ğŸ’€ğŸ’€ğŸ’€ğŸ’€,eeeeee,input/incoder/arithmetic/2030.txt,[],"[""'int' object is not iterable"", ""'int' object is not iterable"", ""'int' object is not iterable"", ""'int' object is not iterable"", ""'int' object is not iterable"", ""'int' object is not iterable""]"
a,fekjfwoeifjwu5gfd,third,second,first,sum,product,difference,âŒâŒâœ…âœ…âŒâŒ,ffppff,input/incoder/arithmetic/2032.txt,"[[""(-2, 15, 8)"", ""(8, 15, -2)""], [""(-3, 70, 17)"", ""(17, 70, -3)""], [""(-1, 0, 1)"", ""(1, 0, -1)""], [""(80, 2000, 120)"", ""(120, 2000, 80)""]]",[]
a,fekjfwoeifjwu5gfd,third,second,first,difference,sum,product,âŒâŒâœ…âŒâŒâŒ,ffpfff,input/incoder/arithmetic/2036.txt,"[[""(15, 8, -2)"", ""(-2, 8, 5)""], [""(70, 17, -3)"", ""(-3, 17, 10)""], [""(0, 1, 1)"", ""(1, 1, 0)""], [""(0, 1, -1)"", ""(-1, 1, 1)""], [""(2000, 120, 80)"", ""(80, 120, 20)""]]",[]
a,fekjfwoeifjwu5gfd,third,second,first,difference,product,sum,âœ…âœ…âœ…âœ…âœ…âœ…,pppppp,input/incoder/arithmetic/2040.txt,[],[]
a,fekjfwoeifjwu5gfd,third,second,first,product,sum,difference,âŒâŒâœ…âŒâŒâŒ,ffpfff,input/incoder/arithmetic/2044.txt,"[[""(-2, 8, 15)"", ""(15, 8, -2)""], [""(-3, 17, 70)"", ""(70, 17, -3)""], [""(1, 1, 0)"", ""(0, 1, 1)""], [""(-1, 1, 0)"", ""(0, 1, -1)""], [""(80, 120, 2000)"", ""(2000, 120, 80)""]]",[]
a,fekjfwoeifjwu5gfd,third,second,first,product,difference,sum,âŒâŒâœ…âŒâŒâŒ,ffpfff,input/incoder/arithmetic/2046.txt,"[[""(8, -2, 15)"", ""(15, -2, 8)""], [""(17, -3, 70)"", ""(70, -3, 17)""], [""(1, 1, 0)"", ""(0, 1, 1)""], [""(1, -1, 0)"", ""(0, -1, 1)""], [""(120, 80, 2000)"", ""(2000, 80, 120)""]]",[]
b,a,first,second,third,sum,difference,product,âœ…âœ…âœ…âœ…âœ…âœ…,pppppp,input/incoder/arithmetic/2327.txt,[],[]
b,a,first,second,third,sum,product,difference,âŒâŒğŸ’€âœ…ğŸ’€âŒ,ffepef,input/incoder/arithmetic/2329.txt,"[[""(8, 15, -2)"", ""(8, 1.6666666666666667, -2)""], [""(17, 70, -3)"", ""(17, 1.4285714285714286, -3)""], [""(120, 2000, 80)"", ""(120, 0.2, 80)""]]","[""division by zero"", ""division by zero""]"
b,a,first,second,third,difference,sum,product,âŒâŒâœ…âŒâŒâŒ,ffpfff,input/incoder/arithmetic/2333.txt,"[[""(-2, 8, 15)"", ""(-2, 15, 15)""], [""(-3, 17, 70)"", ""(-3, 70, 70)""], [""(1, 1, 0)"", ""(1, 0, 0)""], [""(-1, 1, 0)"", ""(-1, 0, 0)""], [""(80, 120, 2000)"", ""(80, 2000, 2000)""]]",[]
b,a,first,second,third,difference,product,sum,âŒâŒâœ…âœ…âŒâŒ,ffppff,input/incoder/arithmetic/2337.txt,"[[""(-2, 15, 8)"", ""(-2, 20, 8)""], [""(-3, 70, 17)"", ""(-3, 80, 17)""], [""(-1, 0, 1)"", ""(-1, 1, 1)""], [""(80, 2000, 120)"", ""(80, 2020, 120)""]]",[]
b,a,first,second,third,product,sum,difference,âŒâŒâœ…âŒâŒâŒ,ffpfff,input/incoder/arithmetic/2341.txt,"[[""(15, 8, -2)"", ""(15, 8, 2)""], [""(70, 17, -3)"", ""(70, 17, 3)""], [""(0, 1, 1)"", ""(0, 1, -1)""], [""(0, 1, -1)"", ""(0, 1, 1)""], [""(2000, 120, 80)"", ""(2000, 120, -80)""]]",[]
b,a,first,second,third,product,difference,sum,âŒâŒâŒâŒâŒâŒ,ffffff,input/incoder/arithmetic/2343.txt,"[[""(15, -2, 8)"", ""(15, -2)""], [""(70, -3, 17)"", ""(70, -3)""], [""(0, 0, 0)"", ""(0, 0)""], [""(0, 1, 1)"", ""(0, 1)""], [""(0, -1, 1)"", ""(0, -1)""], [""(2000, 80, 120)"", ""(2000, 80)""]]",[]
b,a,first,third,second,sum,difference,product,âŒâŒâœ…âŒâŒâŒ,ffpfff,input/incoder/arithmetic/2381.txt,"[[""(8, 15, -2)"", ""(8, -2, 15)""], [""(17, 70, -3)"", ""(17, -3, 70)""], [""(1, 0, 1)"", ""(1, 1, 0)""], [""(1, 0, -1)"", ""(1, -1, 0)""], [""(120, 2000, 80)"", ""(120, 80, 2000)""]]",[]
b,a,first,third,second,sum,product,difference,âŒâŒâœ…âŒâŒâŒ,ffpfff,input/incoder/arithmetic/2383.txt,"[[""(8, -2, 15)"", ""(8, 15, 2)""], [""(17, -3, 70)"", ""(17, 70, 3)""], [""(1, 1, 0)"", ""(1, 0, -1)""], [""(1, -1, 0)"", ""(1, 0, 1)""], [""(120, 80, 2000)"", ""(120, 2000, -80)""]]",[]
b,a,first,third,second,difference,sum,product,âŒâŒâœ…âŒâŒâŒ,ffpfff,input/incoder/arithmetic/2387.txt,"[[""(-2, 15, 8)"", ""(-2, 15, 15)""], [""(-3, 70, 17)"", ""(-3, 70, 70)""], [""(1, 0, 1)"", ""(1, 0, 0)""], [""(-1, 0, 1)"", ""(-1, 0, 0)""], [""(80, 2000, 120)"", ""(80, 2000, 2000)""]]",[]
b,a,first,third,second,difference,product,sum,âŒâŒâŒâŒâŒâŒ,ffffff,input/incoder/arithmetic/2391.txt,"[[""(-2, 8, 15)"", ""(2, 8, 15, 16)""], [""(-3, 17, 70)"", ""(3, 17, 70, 34)""], [""(0, 0, 0)"", ""(0, 0, 0, 0)""], [""(1, 1, 0)"", ""(-1, 1, 0, 2)""], [""(-1, 1, 0)"", ""(1, 1, 0, 2)""], [""(80, 120, 2000)"", ""(-80, 120, 2000, 240)""]]",[]
b,a,first,third,second,product,sum,difference,âŒâŒâœ…âŒâŒâŒ,ffpfff,input/incoder/arithmetic/2395.txt,"[[""(15, -2, 8)"", ""(15, 15, 16)""], [""(70, -3, 17)"", ""(70, 70, 51)""], [""(0, 1, 1)"", ""(0, 0, -1)""], [""(0, -1, 1)"", ""(0, 0, 1)""], [""(2000, 80, 120)"", ""(2000, 2000, -9600)""]]",[]
b,a,first,third,second,product,difference,sum,ğŸ’€ğŸ’€ğŸ’€ğŸ’€ğŸ’€ğŸ’€,eeeeee,input/incoder/arithmetic/2397.txt,[],"[""local variable 'product' referenced before assignment"", ""local variable 'product' referenced before assignment"", ""local variable 'product' referenced before assignment"", ""local variable 'product' referenced before assignment"", ""local variable 'product' referenced before assignment"", ""local variable 'product' referenced before assignment""]"
b,a,second,first,third,sum,difference,product,âŒâŒâœ…âœ…âŒâŒ,ffppff,input/incoder/arithmetic/2489.txt,"[[""(-2, 8, 15)"", ""(8, -2, 15)""], [""(-3, 17, 70)"", ""(17, -3, 70)""], [""(-1, 1, 0)"", ""(1, -1, 0)""], [""(80, 120, 2000)"", ""(120, 80, 2000)""]]",[]
b,a,second,first,third,sum,product,difference,âŒâŒâœ…âŒâŒâŒ,ffpfff,input/incoder/arithmetic/2491.txt,"[[""(15, 8, -2)"", ""(8, 15, 2)""], [""(70, 17, -3)"", ""(17, 70, 3)""], [""(0, 1, 1)"", ""(1, 0, -1)""], [""(0, 1, -1)"", ""(1, 0, 1)""], [""(2000, 120, 80)"", ""(120, 2000, -80)""]]",[]
b,a,second,first,third,difference,sum,product,ğŸ’€ğŸ’€ğŸ’€ğŸ’€ğŸ’€ğŸ’€,eeeeee,input/incoder/arithmetic/2495.txt,[],"[""'int' object is not iterable"", ""'int' object is not iterable"", ""'int' object is not iterable"", ""'int' object is not iterable"", ""'int' object is not iterable"", ""'int' object is not iterable""]"
b,a,second,first,third,difference,product,sum,âŒâŒâœ…âŒâŒâŒ,ffpfff,input/incoder/arithmetic/2499.txt,"[[""(15, -2, 8)"", ""(-2, 20, 8)""], [""(70, -3, 17)"", ""(-3, 80, 17)""], [""(0, 1, 1)"", ""(1, 0, 1)""], [""(0, -1, 1)"", ""(-1, 1, 1)""], [""(2000, 80, 120)"", ""(80, 2020, 120)""]]",[]
b,a,second,first,third,product,sum,difference,âŒâŒâœ…âŒâŒâŒ,ffpfff,input/incoder/arithmetic/2503.txt,"[[""(8, 15, -2)"", ""(7, 8, 2)""], [""(17, 70, -3)"", ""(35, 17, 3)""], [""(1, 0, 1)"", ""(0, 1, -1)""], [""(1, 0, -1)"", ""(0, 1, 1)""], [""(120, 2000, 80)"", ""(1000, 120, -80)""]]",[]
b,a,second,first,third,product,difference,sum,âŒâŒâœ…âŒâŒâŒ,ffpfff,input/incoder/arithmetic/2505.txt,"[[""(-2, 15, 8)"", ""(15, 2, 8)""], [""(-3, 70, 17)"", ""(70, 3, 17)""], [""(1, 0, 1)"", ""(0, -1, 1)""], [""(-1, 0, 1)"", ""(0, 1, 1)""], [""(80, 2000, 120)"", ""(2000, -80, 120)""]]",[]
b,a,second,third,first,sum,difference,product,âŒâŒâœ…âŒâŒâŒ,ffpfff,input/incoder/arithmetic/2597.txt,"[[""(15, 8, -2)"", ""(8, -2, 15)""], [""(70, 17, -3)"", ""(17, -3, 70)""], [""(0, 1, 1)"", ""(1, 1, 0)""], [""(0, 1, -1)"", ""(1, -1, 0)""], [""(2000, 120, 80)"", ""(120, 80, 2000)""]]",[]
b,a,second,third,first,sum,product,difference,âŒâŒâœ…âŒâŒâŒ,ffpfff,input/incoder/arithmetic/2599.txt,"[[""(-2, 8, 15)"", ""(8, 15, 2)""], [""(-3, 17, 70)"", ""(17, 70, 3)""], [""(1, 1, 0)"", ""(1, 0, -1)""], [""(-1, 1, 0)"", ""(1, 0, 1)""], [""(80, 120, 2000)"", ""(120, 2000, -80)""]]",[]
b,a,second,third,first,difference,sum,product,âŒâŒâœ…âŒâŒâŒ,ffpfff,input/incoder/arithmetic/2603.txt,"[[""(15, -2, 8)"", ""(-2, 15, 25)""], [""(70, -3, 17)"", ""(-3, 70, 100)""], [""(0, 1, 1)"", ""(1, 0, 0)""], [""(0, -1, 1)"", ""(-1, 0, 1)""], [""(2000, 80, 120)"", ""(80, 2000, 400)""]]",[]
b,a,second,third,first,difference,product,sum,âŒâŒâŒâŒâŒâŒ,ffffff,input/incoder/arithmetic/2607.txt,"[[""(8, -2, 15)"", ""(-2, 15)""], [""(17, -3, 70)"", ""(-3, 70)""], [""(0, 0, 0)"", ""(0, 0)""], [""(1, 1, 0)"", ""(1, 0)""], [""(1, -1, 0)"", ""(-1, 0)""], [""(120, 80, 2000)"", ""(80, 2000)""]]",[]
b,a,second,third,first,product,sum,difference,âŒâŒâŒâŒâŒâŒ,ffffff,input/incoder/arithmetic/2611.txt,"[[""(-2, 15, 8)"", ""((3, 5), (8, -2))""], [""(-3, 70, 17)"", ""((7, 10), (17, -3))""], [""(0, 0, 0)"", ""((0, 0), (0, 0))""], [""(1, 0, 1)"", ""((1, 0), (1, 1))""], [""(-1, 0, 1)"", ""((0, 1), (1, -1))""], [""(80, 2000, 120)"", ""((100, 20), (120, 80))""]]",[]
b,a,second,third,first,product,difference,sum,âŒâŒâŒâŒâŒâŒ,ffffff,input/incoder/arithmetic/2613.txt,"[[""(8, 15, -2)"", ""((3, 5), -2)""], [""(17, 70, -3)"", ""((7, 10), -3)""], [""(0, 0, 0)"", ""((0, 0), 0)""], [""(1, 0, 1)"", ""((1, 0), 1)""], [""(1, 0, -1)"", ""((0, 1), -1)""], [""(120, 2000, 80)"", ""((100, 20), 80)""]]",[]
b,a,third,first,second,sum,difference,product,âŒâŒâœ…âœ…âŒâŒ,ffppff,input/incoder/arithmetic/2705.txt,"[[""(-2, 15, 8)"", ""(3, 5, -2)""], [""(-3, 70, 17)"", ""(7, 10, -3)""], [""(-1, 0, 1)"", ""(0, 1, -1)""], [""(80, 2000, 120)"", ""(100, 20, 80)""]]",[]
b,a,third,first,second,sum,product,difference,âŒâŒâœ…âŒâŒâŒ,ffpfff,input/incoder/arithmetic/2707.txt,"[[""(15, -2, 8)"", ""(15, 15, 2)""], [""(70, -3, 17)"", ""(70, 70, 3)""], [""(0, 1, 1)"", ""(0, 0, -1)""], [""(0, -1, 1)"", ""(0, 0, 1)""], [""(2000, 80, 120)"", ""(2000, 2000, -80)""]]",[]
b,a,third,first,second,difference,sum,product,âŒâŒâœ…âŒâŒâŒ,ffpfff,input/incoder/arithmetic/2711.txt,"[[""(8, 15, -2)"", ""(-2, 15, 25)""], [""(17, 70, -3)"", ""(-3, 70, 100)""], [""(1, 0, 1)"", ""(1, 0, 0)""], [""(1, 0, -1)"", ""(-1, 0, 1)""], [""(120, 2000, 80)"", ""(80, 2000, 400)""]]",[]
b,a,third,first,second,difference,product,sum,âŒâŒâœ…âŒâŒâŒ,ffpfff,input/incoder/arithmetic/2715.txt,"[[""(15, 8, -2)"", ""(-2, 20, 8)""], [""(70, 17, -3)"", ""(-3, 80, 17)""], [""(0, 1, 1)"", ""(1, 0, 1)""], [""(0, 1, -1)"", ""(-1, 1, 1)""], [""(2000, 120, 80)"", ""(80, 2020, 120)""]]",[]
b,a,third,first,second,product,sum,difference,âŒâŒâœ…âŒâŒâŒ,ffpfff,input/incoder/arithmetic/2719.txt,"[[""(8, -2, 15)"", ""(3, 5, -2)""], [""(17, -3, 70)"", ""(7, 10, -3)""], [""(1, 1, 0)"", ""(1, 0, 1)""], [""(1, -1, 0)"", ""(0, 1, -1)""], [""(120, 80, 2000)"", ""(100, 20, 80)""]]",[]
b,a,third,first,second,product,difference,sum,âŒâŒâœ…âŒâŒâŒ,ffpfff,input/incoder/arithmetic/2721.txt,"[[""(-2, 8, 15)"", ""(-2, 8, 8)""], [""(-3, 17, 70)"", ""(-3, 17, 17)""], [""(1, 1, 0)"", ""(1, 1, 1)""], [""(-1, 1, 0)"", ""(-1, 1, 1)""], [""(80, 120, 2000)"", ""(80, 120, 120)""]]",[]
b,a,third,second,first,sum,difference,product,âŒâŒâœ…âŒâŒâŒ,ffpfff,input/incoder/arithmetic/2759.txt,"[[""(15, -2, 8)"", ""(8, -2, 15)""], [""(70, -3, 17)"", ""(17, -3, 70)""], [""(0, 1, 1)"", ""(1, 1, 0)""], [""(0, -1, 1)"", ""(1, -1, 0)""], [""(2000, 80, 120)"", ""(120, 80, 2000)""]]",[]
b,a,third,second,first,sum,product,difference,âŒâŒâœ…âŒâŒâŒ,ffpfff,input/incoder/arithmetic/2761.txt,"[[""(-2, 15, 8)"", ""(8, 9, 0)""], [""(-3, 70, 17)"", ""(17, 49, 0)""], [""(1, 0, 1)"", ""(1, 1, 0)""], [""(-1, 0, 1)"", ""(1, 0, 0)""], [""(80, 2000, 120)"", ""(120, 10000, 0)""]]",[]
b,a,third,second,first,difference,sum,product,âŒâŒâœ…âŒâŒâŒ,ffpfff,input/incoder/arithmetic/2765.txt,"[[""(15, 8, -2)"", ""(-2, 15, 15)""], [""(70, 17, -3)"", ""(-3, 70, 70)""], [""(0, 1, 1)"", ""(1, 0, 0)""], [""(0, 1, -1)"", ""(-1, 0, 0)""], [""(2000, 120, 80)"", ""(80, 2000, 2000)""]]",[]
b,a,third,second,first,difference,product,sum,âŒâŒâœ…âŒâŒâŒ,ffpfff,input/incoder/arithmetic/2769.txt,"[[""(8, 15, -2)"", ""(-2, 15, 15)""], [""(17, 70, -3)"", ""(-3, 70, 70)""], [""(1, 0, 1)"", ""(1, 0, 0)""], [""(1, 0, -1)"", ""(-1, 0, 0)""], [""(120, 2000, 80)"", ""(80, 2000, 2000)""]]",[]
b,a,third,second,first,product,sum,difference,âŒâŒâœ…âŒâŒâŒ,ffpfff,input/incoder/arithmetic/2773.txt,"[[""(-2, 8, 15)"", ""(3, 5, -2)""], [""(-3, 17, 70)"", ""(7, 10, -3)""], [""(1, 1, 0)"", ""(1, 0, 1)""], [""(-1, 1, 0)"", ""(0, 1, -1)""], [""(80, 120, 2000)"", ""(100, 20, 80)""]]",[]
b,a,third,second,first,product,difference,sum,âŒâŒâœ…âŒâŒâŒ,ffpfff,input/incoder/arithmetic/2775.txt,"[[""(8, -2, 15)"", ""(3, 5, -2)""], [""(17, -3, 70)"", ""(7, 10, -3)""], [""(1, 1, 0)"", ""(1, 0, 1)""], [""(1, -1, 0)"", ""(0, 1, -1)""], [""(120, 80, 2000)"", ""(100, 20, 80)""]]",[]
b,fekjfwoeifjwu5gfd,first,second,third,sum,difference,product,ğŸ’€ğŸ’€ğŸ’€ğŸ’€ğŸ’€ğŸ’€,eeeeee,input/incoder/arithmetic/3785.txt,[],"[""name 'a' is not defined"", ""name 'a' is not defined"", ""name 'a' is not defined"", ""name 'a' is not defined"", ""name 'a' is not defined"", ""name 'a' is not defined""]"
b,fekjfwoeifjwu5gfd,first,second,third,sum,product,difference,ğŸ’€ğŸ’€ğŸ’€ğŸ’€ğŸ’€ğŸ’€,eeeeee,input/incoder/arithmetic/3787.txt,[],"[""name 'a' is not defined"", ""name 'a' is not defined"", ""name 'a' is not defined"", ""name 'a' is not defined"", ""name 'a' is not defined"", ""name 'a' is not defined""]"
b,fekjfwoeifjwu5gfd,first,second,third,difference,sum,product,âŒâŒâœ…âŒâŒâŒ,ffpfff,input/incoder/arithmetic/3791.txt,"[[""(-2, 8, 15)"", ""(-2, 8, -16)""], [""(-3, 17, 70)"", ""(-3, 17, -51)""], [""(1, 1, 0)"", ""(1, 1, 1)""], [""(-1, 1, 0)"", ""(-1, 1, -1)""], [""(80, 120, 2000)"", ""(80, 120, 9600)""]]",[]
b,fekjfwoeifjwu5gfd,first,second,third,difference,product,sum,âŒ›âŒ›âœ…âŒâŒ›âŒ›,ttpftt,input/incoder/arithmetic/3795.txt,"[[""(1, 0, 1)"", ""(1, 0, 0)""]]",[]
b,fekjfwoeifjwu5gfd,first,second,third,product,sum,difference,âŒâŒâœ…âŒâŒâŒ,ffpfff,input/incoder/arithmetic/3799.txt,"[[""(15, 8, -2)"", ""(15, 18, 12)""], [""(70, 17, -3)"", ""(70, 77, 63)""], [""(0, 1, 1)"", ""(0, 1, -1)""], [""(0, 1, -1)"", ""(0, 0, 0)""], [""(2000, 120, 80)"", ""(2000, 2100, 1900)""]]",[]
b,fekjfwoeifjwu5gfd,first,second,third,product,difference,sum,âŒâŒâœ…âŒâŒâŒ,ffpfff,input/incoder/arithmetic/3801.txt,"[[""(15, -2, 8)"", ""(15, 2, 17)""], [""(70, -3, 17)"", ""(70, 3, 73)""], [""(0, 1, 1)"", ""(0, -1, -1)""], [""(0, -1, 1)"", ""(0, 1, 1)""], [""(2000, 80, 120)"", ""(2000, -80, 1920)""]]",[]
b,fekjfwoeifjwu5gfd,first,third,second,sum,difference,product,âŒâŒâœ…âœ…âŒâŒ,ffppff,input/incoder/arithmetic/3839.txt,"[[""(8, 15, -2)"", ""(3, 5, 9)""], [""(17, 70, -3)"", ""(7, 10, 49)""], [""(1, 0, -1)"", ""(0, 1, 0)""], [""(120, 2000, 80)"", ""(100, 20, 10000)""]]",[]
b,fekjfwoeifjwu5gfd,first,third,second,sum,product,difference,ğŸ’€ğŸ’€ğŸ’€ğŸ’€ğŸ’€ğŸ’€,eeeeee,input/incoder/arithmetic/3841.txt,[],"[""name 'a' is not defined"", ""name 'a' is not defined"", ""name 'a' is not defined"", ""name 'a' is not defined"", ""name 'a' is not defined"", ""name 'a' is not defined""]"
b,fekjfwoeifjwu5gfd,first,third,second,difference,sum,product,âŒâŒâœ…âŒâŒâŒ,ffpfff,input/incoder/arithmetic/3845.txt,"[[""(-2, 15, 8)"", ""(3, 9, 5)""], [""(-3, 70, 17)"", ""(7, 49, 10)""], [""(1, 0, 1)"", ""(1, 1, 0)""], [""(-1, 0, 1)"", ""(0, 0, 1)""], [""(80, 2000, 120)"", ""(100, 10000, 20)""]]",[]
b,fekjfwoeifjwu5gfd,first,third,second,difference,product,sum,âŒ›âŒ›âœ…âŒâŒ›âŒ›,ttpftt,input/incoder/arithmetic/3849.txt,"[[""(1, 1, 0)"", ""(1, 0, 0)""]]",[]
b,fekjfwoeifjwu5gfd,first,third,second,product,sum,difference,âŒâŒâœ…âŒâŒâŒ,ffpfff,input/incoder/arithmetic/3853.txt,"[[""(15, -2, 8)"", ""(9, 14, -5)""], [""(70, -3, 17)"", ""(49, 59, -10)""], [""(0, 1, 1)"", ""(1, 1, 0)""], [""(0, -1, 1)"", ""(0, 1, -1)""], [""(2000, 80, 120)"", ""(10000, 10020, -20)""]]",[]
b,fekjfwoeifjwu5gfd,first,third,second,product,difference,sum,âŒâŒâœ…âŒâŒâŒ,ffpfff,input/incoder/arithmetic/3855.txt,"[[""(15, 8, -2)"", ""(15, 2, 5)""], [""(70, 17, -3)"", ""(70, 3, 10)""], [""(0, 1, 1)"", ""(0, -1, 0)""], [""(0, 1, -1)"", ""(0, 1, 1)""], [""(2000, 120, 80)"", ""(2000, -80, 20)""]]",[]
b,fekjfwoeifjwu5gfd,second,first,third,sum,difference,product,ğŸ’€ğŸ’€ğŸ’€ğŸ’€ğŸ’€ğŸ’€,eeeeee,input/incoder/arithmetic/3947.txt,[],"[""name 'a' is not defined"", ""name 'a' is not defined"", ""name 'a' is not defined"", ""name 'a' is not defined"", ""name 'a' is not defined"", ""name 'a' is not defined""]"
b,fekjfwoeifjwu5gfd,second,first,third,sum,product,difference,ğŸ’€ğŸ’€ğŸ’€ğŸ’€ğŸ’€ğŸ’€,eeeeee,input/incoder/arithmetic/3949.txt,[],"[""name 'a' is not defined"", ""name 'a' is not defined"", ""name 'a' is not defined"", ""name 'a' is not defined"", ""name 'a' is not defined"", ""name 'a' is not defined""]"
b,fekjfwoeifjwu5gfd,second,first,third,difference,sum,product,ğŸ’€ğŸ’€ğŸ’€ğŸ’€ğŸ’€ğŸ’€,eeeeee,input/incoder/arithmetic/3953.txt,[],"[""name 'a' is not defined"", ""name 'a' is not defined"", ""name 'a' is not defined"", ""name 'a' is not defined"", ""name 'a' is not defined"", ""name 'a' is not defined""]"
b,fekjfwoeifjwu5gfd,second,first,third,difference,product,sum,âŒ›âŒ›âœ…âŒâŒ›âŒ›,ttpftt,input/incoder/arithmetic/3957.txt,"[[""(0, 1, 1)"", ""(1, 0, 0)""]]",[]
b,fekjfwoeifjwu5gfd,second,first,third,product,sum,difference,ğŸ’€ğŸ’€ğŸ’€ğŸ’€ğŸ’€ğŸ’€,eeeeee,input/incoder/arithmetic/3961.txt,[],"[""name 'a' is not defined"", ""name 'a' is not defined"", ""name 'a' is not defined"", ""name 'a' is not defined"", ""name 'a' is not defined"", ""name 'a' is not defined""]"
b,fekjfwoeifjwu5gfd,second,first,third,product,difference,sum,âŒâŒâœ…âŒâŒâŒ,ffpfff,input/incoder/arithmetic/3963.txt,"[[""(-2, 15, 8)"", ""(15, 2, 5)""], [""(-3, 70, 17)"", ""(70, 3, 10)""], [""(1, 0, 1)"", ""(0, -1, 0)""], [""(-1, 0, 1)"", ""(0, 1, 1)""], [""(80, 2000, 120)"", ""(2000, -80, 20)""]]",[]
b,fekjfwoeifjwu5gfd,second,third,first,sum,difference,product,âŒâŒâœ…âŒâŒâŒ,ffpfff,input/incoder/arithmetic/4055.txt,"[[""(15, 8, -2)"", ""(8, 2, 15)""], [""(70, 17, -3)"", ""(17, 3, 70)""], [""(0, 1, 1)"", ""(1, -1, 0)""], [""(0, 1, -1)"", ""(1, 1, 0)""], [""(2000, 120, 80)"", ""(120, -80, 2000)""]]",[]
b,fekjfwoeifjwu5gfd,second,third,first,sum,product,difference,ğŸ’€ğŸ’€ğŸ’€ğŸ’€ğŸ’€ğŸ’€,eeeeee,input/incoder/arithmetic/4057.txt,[],"[""name 'a' is not defined"", ""name 'a' is not defined"", ""name 'a' is not defined"", ""name 'a' is not defined"", ""name 'a' is not defined"", ""name 'a' is not defined""]"
b,fekjfwoeifjwu5gfd,second,third,first,difference,sum,product,âŒâŒâŒâŒâŒâŒ,ffffff,input/incoder/arithmetic/4061.txt,"[[""(15, -2, 8)"", ""None""], [""(70, -3, 17)"", ""None""], [""(0, 0, 0)"", ""None""], [""(0, 1, 1)"", ""None""], [""(0, -1, 1)"", ""None""], [""(2000, 80, 120)"", ""None""]]",[]
b,fekjfwoeifjwu5gfd,second,third,first,difference,product,sum,âŒâŒâœ…âŒâŒâŒ,ffpfff,input/incoder/arithmetic/4065.txt,"[[""(8, -2, 15)"", ""(-10, 3, -2)""], [""(17, -3, 70)"", ""(-30, 7, -3)""], [""(1, 1, 0)"", ""(0, 1, 1)""], [""(1, -1, 0)"", ""(-1, 0, -1)""], [""(120, 80, 2000)"", ""(1600, 100, 80)""]]",[]
b,fekjfwoeifjwu5gfd,second,third,first,product,sum,difference,âŒâŒâœ…âŒâŒâŒ,ffpfff,input/incoder/arithmetic/4069.txt,"[[""(-2, 15, 8)"", ""(9, 14, -5)""], [""(-3, 70, 17)"", ""(49, 59, -10)""], [""(1, 0, 1)"", ""(1, 1, 0)""], [""(-1, 0, 1)"", ""(0, 1, -1)""], [""(80, 2000, 120)"", ""(10000, 10020, -20)""]]",[]
b,fekjfwoeifjwu5gfd,second,third,first,product,difference,sum,ğŸ’€ğŸ’€ğŸ’€ğŸ’€ğŸ’€ğŸ’€,eeeeee,input/incoder/arithmetic/4071.txt,[],"[""name 'a' is not defined"", ""name 'a' is not defined"", ""name 'a' is not defined"", ""name 'a' is not defined"", ""name 'a' is not defined"", ""name 'a' is not defined""]"
b,fekjfwoeifjwu5gfd,third,first,second,sum,difference,product,âŒâŒâŒâŒâŒâŒ,ffffff,input/incoder/arithmetic/4163.txt,"[[""(-2, 15, 8)"", ""None""], [""(-3, 70, 17)"", ""None""], [""(0, 0, 0)"", ""None""], [""(1, 0, 1)"", ""None""], [""(-1, 0, 1)"", ""None""], [""(80, 2000, 120)"", ""None""]]",[]
b,fekjfwoeifjwu5gfd,third,first,second,sum,product,difference,âŒâŒâœ…âŒâŒâŒ,ffpfff,input/incoder/arithmetic/4165.txt,"[[""(15, -2, 8)"", ""(5, 3, 0)""], [""(70, -3, 17)"", ""(10, 7, 0)""], [""(0, 1, 1)"", ""(0, 1, 0)""], [""(0, -1, 1)"", ""(1, 0, 0)""], [""(2000, 80, 120)"", ""(20, 100, 0)""]]",[]
b,fekjfwoeifjwu5gfd,third,first,second,difference,sum,product,ğŸ’€ğŸ’€ğŸ’€ğŸ’€ğŸ’€ğŸ’€,eeeeee,input/incoder/arithmetic/4169.txt,[],"[""name 'a' is not defined"", ""name 'a' is not defined"", ""name 'a' is not defined"", ""name 'a' is not defined"", ""name 'a' is not defined"", ""name 'a' is not defined""]"
b,fekjfwoeifjwu5gfd,third,first,second,difference,product,sum,âŒâŒâœ…âŒâŒâŒ,ffpfff,input/incoder/arithmetic/4173.txt,"[[""(15, 8, -2)"", ""(-2, 15, 8)""], [""(70, 17, -3)"", ""(-3, 70, 17)""], [""(0, 1, 1)"", ""(1, 0, 1)""], [""(0, 1, -1)"", ""(-1, 0, 1)""], [""(2000, 120, 80)"", ""(80, 2000, 120)""]]",[]
b,fekjfwoeifjwu5gfd,third,first,second,product,sum,difference,âŒâŒâŒâŒâŒâŒ,ffffff,input/incoder/arithmetic/4177.txt,"[[""(8, -2, 15)"", ""None""], [""(17, -3, 70)"", ""None""], [""(0, 0, 0)"", ""None""], [""(1, 1, 0)"", ""None""], [""(1, -1, 0)"", ""None""], [""(120, 80, 2000)"", ""None""]]",[]
b,fekjfwoeifjwu5gfd,third,first,second,product,difference,sum,âŒâŒâœ…âŒâŒâŒ,ffpfff,input/incoder/arithmetic/4179.txt,"[[""(-2, 8, 15)"", ""(11, 0, 1)""], [""(-3, 17, 70)"", ""(21, 0, 1)""], [""(1, 1, 0)"", ""(0, 0, 1)""], [""(-1, 1, 0)"", ""(1, 0, 1)""], [""(80, 120, 2000)"", ""(20, 0, 20)""]]",[]
b,fekjfwoeifjwu5gfd,third,second,first,sum,difference,product,âŒâŒâœ…âŒâŒâŒ,ffpfff,input/incoder/arithmetic/4217.txt,"[[""(15, -2, 8)"", ""(8, -2, 15)""], [""(70, -3, 17)"", ""(17, -3, 70)""], [""(0, 1, 1)"", ""(1, 1, 0)""], [""(0, -1, 1)"", ""(1, -1, 0)""], [""(2000, 80, 120)"", ""(120, 80, 2000)""]]",[]
b,fekjfwoeifjwu5gfd,third,second,first,sum,product,difference,ğŸ’€ğŸ’€ğŸ’€ğŸ’€ğŸ’€ğŸ’€,eeeeee,input/incoder/arithmetic/4219.txt,[],"[""name 'a' is not defined"", ""name 'a' is not defined"", ""name 'a' is not defined"", ""name 'a' is not defined"", ""name 'a' is not defined"", ""name 'a' is not defined""]"
b,fekjfwoeifjwu5gfd,third,second,first,difference,sum,product,âŒâŒâŒâŒâŒâŒ,ffffff,input/incoder/arithmetic/4223.txt,"[[""(15, 8, -2)"", ""None""], [""(70, 17, -3)"", ""None""], [""(0, 0, 0)"", ""None""], [""(0, 1, 1)"", ""None""], [""(0, 1, -1)"", ""None""], [""(2000, 120, 80)"", ""None""]]",[]
b,fekjfwoeifjwu5gfd,third,second,first,difference,product,sum,âŒâŒâœ…âŒâŒâŒ,ffpfff,input/incoder/arithmetic/4227.txt,"[[""(8, 15, -2)"", ""(15, -2, -2)""], [""(17, 70, -3)"", ""(70, -3, -3)""], [""(1, 0, 1)"", ""(0, 1, 1)""], [""(1, 0, -1)"", ""(0, -1, -1)""], [""(120, 2000, 80)"", ""(2000, 80, 80)""]]",[]
b,fekjfwoeifjwu5gfd,third,second,first,product,sum,difference,âŒâŒâœ…âŒâŒâŒ,ffpfff,input/incoder/arithmetic/4231.txt,"[[""(-2, 8, 15)"", ""(15, 8, -5)""], [""(-3, 17, 70)"", ""(70, 17, -10)""], [""(1, 1, 0)"", ""(0, 1, 0)""], [""(-1, 1, 0)"", ""(0, 1, -1)""], [""(80, 120, 2000)"", ""(2000, 120, -20)""]]",[]
b,fekjfwoeifjwu5gfd,third,second,first,product,difference,sum,ğŸ’€ğŸ’€ğŸ’€ğŸ’€ğŸ’€ğŸ’€,eeeeee,input/incoder/arithmetic/4233.txt,[],"[""name 'a' is not defined"", ""name 'a' is not defined"", ""name 'a' is not defined"", ""name 'a' is not defined"", ""name 'a' is not defined"", ""name 'a' is not defined""]"
fkrjf4ifji4ofj,a,first,second,third,sum,difference,product,âŒâŒâœ…âŒâŒâŒ,ffpfff,input/incoder/arithmetic/4514.txt,"[[""(8, -2, 15)"", ""(8, 10, -16)""], [""(17, -3, 70)"", ""(17, 20, -51)""], [""(1, 1, 0)"", ""(1, 0, 1)""], [""(1, -1, 0)"", ""(1, 2, -1)""], [""(120, 80, 2000)"", ""(120, 40, 9600)""]]",[]
fkrjf4ifji4ofj,a,first,second,third,sum,product,difference,âŒâŒâŒâŒâŒâŒ,ffffff,input/incoder/arithmetic/4516.txt,"[[""(8, 15, -2)"", ""(8, 15, -2, 15)""], [""(17, 70, -3)"", ""(17, 70, -3, 70)""], [""(0, 0, 0)"", ""(0, 0, 0, 0)""], [""(1, 0, 1)"", ""(1, 0, 1, 0)""], [""(1, 0, -1)"", ""(1, 0, -1, 0)""], [""(120, 2000, 80)"", ""(120, 2000, 80, 2000)""]]",[]
fkrjf4ifji4ofj,a,first,second,third,difference,sum,product,âŒâŒâœ…âŒâŒâŒ,ffpfff,input/incoder/arithmetic/4520.txt,"[[""(-2, 8, 15)"", ""(-2, 5, -10)""], [""(-3, 17, 70)"", ""(-3, 10, -30)""], [""(1, 1, 0)"", ""(1, 0, 0)""], [""(-1, 1, 0)"", ""(-1, 1, -1)""], [""(80, 120, 2000)"", ""(80, 20, 1600)""]]",[]
fkrjf4ifji4ofj,a,first,second,third,difference,product,sum,âŒâŒâœ…âœ…âŒâŒ,ffppff,input/incoder/arithmetic/4524.txt,"[[""(-2, 15, 8)"", ""(-2, 25, 8)""], [""(-3, 70, 17)"", ""(-3, 100, 17)""], [""(-1, 0, 1)"", ""(-1, 1, 1)""], [""(80, 2000, 120)"", ""(80, 400, 120)""]]",[]
fkrjf4ifji4ofj,a,first,second,third,product,sum,difference,âŒâŒâœ…âŒâœ…âŒ,ffpfpf,input/incoder/arithmetic/4528.txt,"[[""(15, 8, -2)"", ""(3, 5, -2)""], [""(70, 17, -3)"", ""(7, 10, -3)""], [""(0, 1, 1)"", ""(1, 0, 1)""], [""(2000, 120, 80)"", ""(100, 20, 80)""]]",[]
fkrjf4ifji4ofj,a,first,second,third,product,difference,sum,âŒâŒâœ…âœ…âŒâŒ,ffppff,input/incoder/arithmetic/4530.txt,"[[""(15, -2, 8)"", ""(15, -6, 18)""], [""(70, -3, 17)"", ""(70, -21, 77)""], [""(0, -1, 1)"", ""(0, 0, 0)""], [""(2000, 80, 120)"", ""(2000, 8000, 2100)""]]",[]
fkrjf4ifji4ofj,a,first,third,second,sum,difference,product,âŒâŒâœ…âŒâŒâŒ,ffpfff,input/incoder/arithmetic/4568.txt,"[[""(8, 15, -2)"", ""(8, 2, 15)""], [""(17, 70, -3)"", ""(17, 3, 70)""], [""(1, 0, 1)"", ""(1, -1, 0)""], [""(1, 0, -1)"", ""(1, 1, 0)""], [""(120, 2000, 80)"", ""(120, -80, 2000)""]]",[]
fkrjf4ifji4ofj,a,first,third,second,sum,product,difference,âŒâŒâœ…âŒâŒâŒ,ffpfff,input/incoder/arithmetic/4570.txt,"[[""(8, -2, 15)"", ""(8, 15, 2)""], [""(17, -3, 70)"", ""(17, 70, 3)""], [""(1, 1, 0)"", ""(1, 0, -1)""], [""(1, -1, 0)"", ""(1, 0, 1)""], [""(120, 80, 2000)"", ""(120, 2000, -80)""]]",[]
fkrjf4ifji4ofj,a,first,third,second,difference,sum,product,âŒâŒâœ…âŒâŒâŒ,ffpfff,input/incoder/arithmetic/4574.txt,"[[""(-2, 15, 8)"", ""(2, 15, 15)""], [""(-3, 70, 17)"", ""(3, 70, 70)""], [""(1, 0, 1)"", ""(-1, 0, 0)""], [""(-1, 0, 1)"", ""(1, 0, 0)""], [""(80, 2000, 120)"", ""(-80, 2000, 2000)""]]",[]
fkrjf4ifji4ofj,a,first,third,second,difference,product,sum,âŒâŒâœ…âŒâŒâŒ,ffpfff,input/incoder/arithmetic/4578.txt,"[[""(-2, 8, 15)"", ""(-10, 3, -2)""], [""(-3, 17, 70)"", ""(-30, 7, -3)""], [""(1, 1, 0)"", ""(0, 1, 1)""], [""(-1, 1, 0)"", ""(-1, 0, -1)""], [""(80, 120, 2000)"", ""(1600, 100, 80)""]]",[]
fkrjf4ifji4ofj,a,first,third,second,product,sum,difference,âŒâŒâœ…âŒâŒâŒ,ffpfff,input/incoder/arithmetic/4582.txt,"[[""(15, -2, 8)"", ""(15, 8, 2)""], [""(70, -3, 17)"", ""(70, 17, 3)""], [""(0, 1, 1)"", ""(0, 1, -1)""], [""(0, -1, 1)"", ""(0, 1, 1)""], [""(2000, 80, 120)"", ""(2000, 120, -80)""]]",[]
fkrjf4ifji4ofj,a,first,third,second,product,difference,sum,âŒâŒâœ…âœ…âŒâŒ,ffppff,input/incoder/arithmetic/4584.txt,"[[""(15, 8, -2)"", ""(15, -2, 8)""], [""(70, 17, -3)"", ""(70, -3, 17)""], [""(0, 1, -1)"", ""(0, -1, 1)""], [""(2000, 120, 80)"", ""(2000, 80, 120)""]]",[]
fkrjf4ifji4ofj,a,second,first,third,sum,difference,product,âŒâŒâœ…âŒâŒâŒ,ffpfff,input/incoder/arithmetic/4676.txt,"[[""(-2, 8, 15)"", ""(8, 2, 15)""], [""(-3, 17, 70)"", ""(17, 3, 70)""], [""(1, 1, 0)"", ""(1, -1, 0)""], [""(-1, 1, 0)"", ""(1, 1, 0)""], [""(80, 120, 2000)"", ""(120, -80, 2000)""]]",[]
fkrjf4ifji4ofj,a,second,first,third,sum,product,difference,âŒâŒâœ…âŒâœ…âŒ,ffpfpf,input/incoder/arithmetic/4678.txt,"[[""(15, 8, -2)"", ""(3, 5, -2)""], [""(70, 17, -3)"", ""(7, 10, -3)""], [""(0, 1, 1)"", ""(1, 0, 1)""], [""(2000, 120, 80)"", ""(100, 20, 80)""]]",[]
fkrjf4ifji4ofj,a,second,first,third,difference,sum,product,âŒâŒâœ…âœ…âŒâŒ,ffppff,input/incoder/arithmetic/4682.txt,"[[""(8, -2, 15)"", ""(-2, 8, 15)""], [""(17, -3, 70)"", ""(-3, 17, 70)""], [""(1, -1, 0)"", ""(-1, 1, 0)""], [""(120, 80, 2000)"", ""(80, 120, 2000)""]]",[]
fkrjf4ifji4ofj,a,second,first,third,difference,product,sum,âŒâŒâœ…âŒâŒâŒ,ffpfff,input/incoder/arithmetic/4686.txt,"[[""(15, -2, 8)"", ""(-2, 15, 8)""], [""(70, -3, 17)"", ""(-3, 70, 17)""], [""(0, 1, 1)"", ""(1, 0, 1)""], [""(0, -1, 1)"", ""(-1, 0, 1)""], [""(2000, 80, 120)"", ""(80, 2000, 120)""]]",[]
fkrjf4ifji4ofj,a,second,first,third,product,sum,difference,âŒâŒâŒâŒâŒâŒ,ffffff,input/incoder/arithmetic/4690.txt,"[[""(8, 15, -2)"", ""(3, 8, 3, -2, 15)""], [""(17, 70, -3)"", ""(7, 17, 7, -3, 70)""], [""(0, 0, 0)"", ""(0, 0, 0, 0, 0)""], [""(1, 0, 1)"", ""(1, 1, 1, 1, 0)""], [""(1, 0, -1)"", ""(0, 1, 0, -1, 0)""], [""(120, 2000, 80)"", ""(120, 100, 80, 100, 2000)""]]",[]
fkrjf4ifji4ofj,a,second,first,third,product,difference,sum,âŒâŒğŸ’€ğŸ’€âŒâŒ,ffeeff,input/incoder/arithmetic/4692.txt,"[[""(-2, 15, 8)"", ""(0, 3, 3)""], [""(-3, 70, 17)"", ""(0, 7, 7)""], [""(-1, 0, 1)"", ""(0, 0, 0)""], [""(80, 2000, 120)"", ""(5, 0, 5)""]]","[""division by zero"", ""division by zero""]"
fkrjf4ifji4ofj,a,second,third,first,sum,difference,product,âŒâŒâœ…âŒâŒâŒ,ffpfff,input/incoder/arithmetic/4784.txt,"[[""(15, 8, -2)"", ""(8, 2, 15)""], [""(70, 17, -3)"", ""(17, 3, 70)""], [""(0, 1, 1)"", ""(1, -1, 0)""], [""(0, 1, -1)"", ""(1, 1, 0)""], [""(2000, 120, 80)"", ""(120, -80, 2000)""]]",[]
fkrjf4ifji4ofj,a,second,third,first,sum,product,difference,ğŸ’€ğŸ’€ğŸ’€ğŸ’€ğŸ’€ğŸ’€,eeeeee,input/incoder/arithmetic/4786.txt,[],"[""name 'b' is not defined"", ""name 'b' is not defined"", ""name 'b' is not defined"", ""name 'b' is not defined"", ""name 'b' is not defined"", ""name 'b' is not defined""]"
fkrjf4ifji4ofj,a,second,third,first,difference,sum,product,âŒâŒâœ…âœ…âŒâŒ,ffppff,input/incoder/arithmetic/4790.txt,"[[""(15, -2, 8)"", ""(15, 8, 3)""], [""(70, -3, 17)"", ""(70, 17, 7)""], [""(0, -1, 1)"", ""(0, 1, 0)""], [""(2000, 80, 120)"", ""(2000, 120, 100)""]]",[]
fkrjf4ifji4ofj,a,second,third,first,difference,product,sum,âŒâŒâŒâŒâŒâŒ,ffffff,input/incoder/arithmetic/4794.txt,"[[""(8, -2, 15)"", ""(-2, 5, -10, 3)""], [""(17, -3, 70)"", ""(-3, 10, -30, 7)""], [""(0, 0, 0)"", ""(0, 0, 0, 0)""], [""(1, 1, 0)"", ""(1, 0, 0, 1)""], [""(1, -1, 0)"", ""(-1, 1, -1, 0)""], [""(120, 80, 2000)"", ""(80, 20, 1600, 100)""]]",[]
fkrjf4ifji4ofj,a,second,third,first,product,sum,difference,âŒâŒâœ…âœ…âŒâŒ,ffppff,input/incoder/arithmetic/4798.txt,"[[""(-2, 15, 8)"", ""(3, 5, -2)""], [""(-3, 70, 17)"", ""(7, 10, -3)""], [""(-1, 0, 1)"", ""(0, 1, -1)""], [""(80, 2000, 120)"", ""(100, 20, 80)""]]",[]
fkrjf4ifji4ofj,a,second,third,first,product,difference,sum,âŒâŒâœ…âŒâŒâŒ,ffpfff,input/incoder/arithmetic/4800.txt,"[[""(8, 15, -2)"", ""(15, -2, 3)""], [""(17, 70, -3)"", ""(70, -3, 7)""], [""(1, 0, 1)"", ""(0, 1, 1)""], [""(1, 0, -1)"", ""(0, -1, 0)""], [""(120, 2000, 80)"", ""(2000, 80, 100)""]]",[]
fkrjf4ifji4ofj,a,third,first,second,sum,difference,product,âŒâŒâœ…âŒâŒâŒ,ffpfff,input/incoder/arithmetic/4892.txt,"[[""(-2, 15, 8)"", ""(-2, 15, 15)""], [""(-3, 70, 17)"", ""(-3, 70, 70)""], [""(1, 0, 1)"", ""(1, 0, 0)""], [""(-1, 0, 1)"", ""(-1, 0, 0)""], [""(80, 2000, 120)"", ""(80, 2000, 2000)""]]",[]
fkrjf4ifji4ofj,a,third,first,second,sum,product,difference,âŒâŒâŒâŒâŒâŒ,ffffff,input/incoder/arithmetic/4894.txt,"[[""(15, -2, 8)"", ""(8, -2, 15, 15, 0, -2)""], [""(70, -3, 17)"", ""(17, -3, 70, 70, 0, -3)""], [""(0, 0, 0)"", ""(0, 0, 0, 0, 0, 0)""], [""(0, 1, 1)"", ""(1, 1, 0, 0, 0, 1)""], [""(0, -1, 1)"", ""(1, -1, 0, 0, 0, -1)""], [""(2000, 80, 120)"", ""(120, 80, 2000, 2000, 0, 80)""]]",[]
fkrjf4ifji4ofj,a,third,first,second,difference,sum,product,âŒâŒâœ…âŒâŒâŒ,ffpfff,input/incoder/arithmetic/4898.txt,"[[""(8, 15, -2)"", ""(-2, 15, 15)""], [""(17, 70, -3)"", ""(-3, 70, 70)""], [""(1, 0, 1)"", ""(1, 0, 0)""], [""(1, 0, -1)"", ""(-1, 0, 0)""], [""(120, 2000, 80)"", ""(80, 2000, 2000)""]]",[]
fkrjf4ifji4ofj,a,third,first,second,difference,product,sum,âŒâŒâœ…âŒâŒâŒ,ffpfff,input/incoder/arithmetic/4902.txt,"[[""(15, 8, -2)"", ""(-2, 15, 8)""], [""(70, 17, -3)"", ""(-3, 70, 17)""], [""(0, 1, 1)"", ""(1, 0, 1)""], [""(0, 1, -1)"", ""(-1, 0, 1)""], [""(2000, 120, 80)"", ""(80, 2000, 120)""]]",[]
fkrjf4ifji4ofj,a,third,first,second,product,sum,difference,âŒâŒâœ…âŒâŒâŒ,ffpfff,input/incoder/arithmetic/4906.txt,"[[""(8, -2, 15)"", ""(3, 5, -2)""], [""(17, -3, 70)"", ""(7, 10, -3)""], [""(1, 1, 0)"", ""(1, 0, 1)""], [""(1, -1, 0)"", ""(0, 1, -1)""], [""(120, 80, 2000)"", ""(100, 20, 80)""]]",[]
fkrjf4ifji4ofj,a,third,first,second,product,difference,sum,âŒâŒâœ…âŒâŒâŒ,ffpfff,input/incoder/arithmetic/4908.txt,"[[""(-2, 8, 15)"", ""(2, 8, 8)""], [""(-3, 17, 70)"", ""(3, 17, 17)""], [""(1, 1, 0)"", ""(-1, 1, 1)""], [""(-1, 1, 0)"", ""(1, 1, 1)""], [""(80, 120, 2000)"", ""(-80, 120, 120)""]]",[]
fkrjf4ifji4ofj,a,third,second,first,sum,difference,product,âŒâŒâŒâŒâŒâŒ,ffffff,input/incoder/arithmetic/4946.txt,"[[""(15, -2, 8)"", ""(10, -10, 24)""], [""(70, -3, 17)"", ""(45, -45, 362880)""], [""(0, 0, 0)"", ""(0, 0, 0, 1)""], [""(0, 1, 1)"", ""(0, 0, 0, 1)""], [""(0, -1, 1)"", ""(0, 0, 1)""], [""(2000, 80, 120)"", ""(190, -190, 121645100408832000)""]]",[]
fkrjf4ifji4ofj,a,third,second,first,sum,product,difference,âŒâŒâŒâŒâŒâŒ,ffffff,input/incoder/arithmetic/4948.txt,"[[""(-2, 15, 8)"", ""(3, 5)""], [""(-3, 70, 17)"", ""(7, 10)""], [""(0, 0, 0)"", ""(0, 0)""], [""(1, 0, 1)"", ""(1, 0)""], [""(-1, 0, 1)"", ""(0, 1)""], [""(80, 2000, 120)"", ""(100, 20)""]]",[]
fkrjf4ifji4ofj,a,third,second,first,difference,sum,product,âŒâŒâœ…âŒâŒâŒ,ffpfff,input/incoder/arithmetic/4952.txt,"[[""(15, 8, -2)"", ""(-2, 8, 15)""], [""(70, 17, -3)"", ""(-3, 17, 70)""], [""(0, 1, 1)"", ""(1, 1, 0)""], [""(0, 1, -1)"", ""(-1, 1, 0)""], [""(2000, 120, 80)"", ""(80, 120, 2000)""]]",[]
fkrjf4ifji4ofj,a,third,second,first,difference,product,sum,âŒâŒâœ…âœ…âŒâŒ,ffppff,input/incoder/arithmetic/4956.txt,"[[""(8, 15, -2)"", ""(-2, 15, 8)""], [""(17, 70, -3)"", ""(-3, 70, 17)""], [""(1, 0, -1)"", ""(-1, 0, 1)""], [""(120, 2000, 80)"", ""(80, 2000, 120)""]]",[]
fkrjf4ifji4ofj,a,third,second,first,product,sum,difference,âŒâŒâœ…âŒâŒâŒ,ffpfff,input/incoder/arithmetic/4960.txt,"[[""(-2, 8, 15)"", ""(15, 8, -2)""], [""(-3, 17, 70)"", ""(70, 17, -3)""], [""(1, 1, 0)"", ""(0, 1, 1)""], [""(-1, 1, 0)"", ""(0, 1, -1)""], [""(80, 120, 2000)"", ""(2000, 120, 80)""]]",[]
fkrjf4ifji4ofj,a,third,second,first,product,difference,sum,âŒâŒâœ…âŒâŒâŒ,ffpfff,input/incoder/arithmetic/4962.txt,"[[""(8, -2, 15)"", ""(15, -2, 8)""], [""(17, -3, 70)"", ""(70, -3, 17)""], [""(1, 1, 0)"", ""(0, 1, 1)""], [""(1, -1, 0)"", ""(0, -1, 1)""], [""(120, 80, 2000)"", ""(2000, 80, 120)""]]",[]
fkrjf4ifji4ofj,b,first,second,third,sum,difference,product,ğŸ’€ğŸ’€ğŸ’€ğŸ’€ğŸ’€ğŸ’€,eeeeee,input/incoder/arithmetic/5243.txt,[],"[""object of type 'int' has no len()"", ""object of type 'int' has no len()"", ""object of type 'int' has no len()"", ""object of type 'int' has no len()"", ""object of type 'int' has no len()"", ""object of type 'int' has no len()""]"
fkrjf4ifji4ofj,b,first,second,third,sum,product,difference,ğŸ’€ğŸ’€ğŸ’€ğŸ’€ğŸ’€ğŸ’€,eeeeee,input/incoder/arithmetic/5245.txt,[],"[""name 'a' is not defined"", ""name 'a' is not defined"", ""name 'a' is not defined"", ""name 'a' is not defined"", ""name 'a' is not defined"", ""name 'a' is not defined""]"
fkrjf4ifji4ofj,b,first,second,third,difference,sum,product,âœ…âœ…âœ…âœ…âœ…âœ…,pppppp,input/incoder/arithmetic/5249.txt,[],[]
fkrjf4ifji4ofj,b,first,second,third,difference,product,sum,âœ…âœ…âœ…âœ…âœ…âœ…,pppppp,input/incoder/arithmetic/5253.txt,[],[]
fkrjf4ifji4ofj,b,first,second,third,product,sum,difference,âŒâŒâœ…âŒâŒâŒ,ffpfff,input/incoder/arithmetic/5257.txt,"[[""(15, 8, -2)"", ""(3, 5, 2)""], [""(70, 17, -3)"", ""(7, 10, 3)""], [""(0, 1, 1)"", ""(1, 0, -1)""], [""(0, 1, -1)"", ""(0, 1, 1)""], [""(2000, 120, 80)"", ""(100, 20, -80)""]]",[]
fkrjf4ifji4ofj,b,first,second,third,product,difference,sum,ğŸ’€ğŸ’€ğŸ’€ğŸ’€ğŸ’€ğŸ’€,eeeeee,input/incoder/arithmetic/5259.txt,[],"[""no function/method found in output"", ""no function/method found in output"", ""no function/method found in output"", ""no function/method found in output"", ""no function/method found in output"", ""no function/method found in output""]"
fkrjf4ifji4ofj,b,first,third,second,sum,difference,product,âŒâŒâœ…âŒâŒâŒ,ffpfff,input/incoder/arithmetic/5297.txt,"[[""(8, 15, -2)"", ""(8, 3, 15)""], [""(17, 70, -3)"", ""(17, 7, 70)""], [""(1, 0, 1)"", ""(1, 1, 0)""], [""(1, 0, -1)"", ""(1, 0, 0)""], [""(120, 2000, 80)"", ""(120, 100, 2000)""]]",[]
fkrjf4ifji4ofj,b,first,third,second,sum,product,difference,âŒâŒâŒâŒâŒâŒ,ffffff,input/incoder/arithmetic/5299.txt,"[[""(8, -2, 15)"", ""(8, 15, -2, 15)""], [""(17, -3, 70)"", ""(17, 70, -3, 70)""], [""(0, 0, 0)"", ""(0, 0, 0, 0)""], [""(1, 1, 0)"", ""(1, 0, 1, 0)""], [""(1, -1, 0)"", ""(1, 0, -1, 0)""], [""(120, 80, 2000)"", ""(120, 2000, 80, 2000)""]]",[]
fkrjf4ifji4ofj,b,first,third,second,difference,sum,product,ğŸ’€ğŸ’€ğŸ’€ğŸ’€ğŸ’€ğŸ’€,eeeeee,input/incoder/arithmetic/5303.txt,[],"[""name 'a' is not defined"", ""name 'a' is not defined"", ""name 'a' is not defined"", ""name 'a' is not defined"", ""name 'a' is not defined"", ""name 'a' is not defined""]"
fkrjf4ifji4ofj,b,first,third,second,difference,product,sum,ğŸ’€ğŸ’€ğŸ’€ğŸ’€ğŸ’€ğŸ’€,eeeeee,input/incoder/arithmetic/5307.txt,[],"[""name 'a' is not defined"", ""name 'a' is not defined"", ""name 'a' is not defined"", ""name 'a' is not defined"", ""name 'a' is not defined"", ""name 'a' is not defined""]"
fkrjf4ifji4ofj,b,first,third,second,product,sum,difference,âŒâŒâœ…âœ…âŒâŒ,ffppff,input/incoder/arithmetic/5311.txt,"[[""(15, -2, 8)"", ""(15, 8, -2)""], [""(70, -3, 17)"", ""(70, 17, -3)""], [""(0, -1, 1)"", ""(0, 1, -1)""], [""(2000, 80, 120)"", ""(2000, 120, 80)""]]",[]
fkrjf4ifji4ofj,b,first,third,second,product,difference,sum,ğŸ’€ğŸ’€ğŸ’€ğŸ’€ğŸ’€ğŸ’€,eeeeee,input/incoder/arithmetic/5313.txt,[],"[""no function/method found in output"", ""no function/method found in output"", ""no function/method found in output"", ""no function/method found in output"", ""no function/method found in output"", ""no function/method found in output""]"
fkrjf4ifji4ofj,b,second,first,third,sum,difference,product,âŒâŒâŒâŒâŒâŒ,ffffff,input/incoder/arithmetic/5405.txt,"[[""(-2, 8, 15)"", ""(8, 2, 15, 15)""], [""(-3, 17, 70)"", ""(17, 3, 70, 70)""], [""(0, 0, 0)"", ""(0, 0, 0, 0)""], [""(1, 1, 0)"", ""(1, -1, 0, 0)""], [""(-1, 1, 0)"", ""(1, 1, 0, 0)""], [""(80, 120, 2000)"", ""(120, -80, 2000, 2000)""]]",[]
fkrjf4ifji4ofj,b,second,first,third,sum,product,difference,âŒâŒâŒâŒâŒâŒ,ffffff,input/incoder/arithmetic/5407.txt,"[[""(15, 8, -2)"", ""(8, 15, -2, 15)""], [""(70, 17, -3)"", ""(17, 70, -3, 70)""], [""(0, 0, 0)"", ""(0, 0, 0, 0)""], [""(0, 1, 1)"", ""(1, 0, 1, 0)""], [""(0, 1, -1)"", ""(1, 0, -1, 0)""], [""(2000, 120, 80)"", ""(120, 2000, 80, 2000)""]]",[]
fkrjf4ifji4ofj,b,second,first,third,difference,sum,product,âŒâŒâœ…âŒâŒâŒ,ffpfff,input/incoder/arithmetic/5411.txt,"[[""(8, -2, 15)"", ""(8, 15, 120)""], [""(17, -3, 70)"", ""(17, 70, 1190)""], [""(1, 1, 0)"", ""(1, 0, 0)""], [""(1, -1, 0)"", ""(1, 0, 0)""], [""(120, 80, 2000)"", ""(120, 2000, 240000)""]]",[]
fkrjf4ifji4ofj,b,second,first,third,difference,product,sum,âŒâŒâŒâŒâŒâŒ,ffffff,input/incoder/arithmetic/5415.txt,"[[""(15, -2, 8)"", ""None""], [""(70, -3, 17)"", ""None""], [""(0, 0, 0)"", ""None""], [""(0, 1, 1)"", ""None""], [""(0, -1, 1)"", ""None""], [""(2000, 80, 120)"", ""None""]]",[]
fkrjf4ifji4ofj,b,second,first,third,product,sum,difference,âŒâŒâœ…âŒâŒâŒ,ffpfff,input/incoder/arithmetic/5419.txt,"[[""(8, 15, -2)"", ""(8, -2, 10)""], [""(17, 70, -3)"", ""(17, -3, 20)""], [""(1, 0, 1)"", ""(1, 1, 0)""], [""(1, 0, -1)"", ""(1, -1, 2)""], [""(120, 2000, 80)"", ""(120, 80, 40)""]]",[]
fkrjf4ifji4ofj,b,second,first,third,product,difference,sum,âŒâŒâœ…âŒâŒâŒ,ffpfff,input/incoder/arithmetic/5421.txt,"[[""(-2, 15, 8)"", ""(10, 3, 5)""], [""(-3, 70, 17)"", ""(30, 7, 10)""], [""(1, 0, 1)"", ""(0, 1, 0)""], [""(-1, 0, 1)"", ""(1, 0, 1)""], [""(80, 2000, 120)"", ""(-1600, 100, 20)""]]",[]
fkrjf4ifji4ofj,b,second,third,first,sum,difference,product,âŒâŒâŒâŒâŒâŒ,ffffff,input/incoder/arithmetic/5513.txt,"[[""(15, 8, -2)"", ""(8, 15, -2, 15, 9)""], [""(70, 17, -3)"", ""(17, 70, -3, 70, 49)""], [""(0, 0, 0)"", ""(0, 0, 0, 0, 0)""], [""(0, 1, 1)"", ""(1, 0, 1, 0, 1)""], [""(0, 1, -1)"", ""(1, 0, -1, 0, 0)""], [""(2000, 120, 80)"", ""(120, 2000, 80, 2000, 10000)""]]",[]
fkrjf4ifji4ofj,b,second,third,first,sum,product,difference,ğŸ’€ğŸ’€ğŸ’€ğŸ’€ğŸ’€ğŸ’€,eeeeee,input/incoder/arithmetic/5515.txt,[],"[""name 'a' is not defined"", ""name 'a' is not defined"", ""name 'a' is not defined"", ""name 'a' is not defined"", ""name 'a' is not defined"", ""name 'a' is not defined""]"
fkrjf4ifji4ofj,b,second,third,first,difference,sum,product,âŒâŒâŒâŒâŒâŒ,ffffff,input/incoder/arithmetic/5519.txt,"[[""(15, -2, 8)"", ""(0, 5, 3)""], [""(70, -3, 17)"", ""(1, 11, 49)""], [""(0, 0, 0)"", ""(0, 0, 1)""], [""(0, 1, 1)"", ""(0, 0, 1)""], [""(0, -1, 1)"", ""(0, 1, 0)""], [""(2000, 80, 120)"", ""(2, 22, 10000)""]]",[]
fkrjf4ifji4ofj,b,second,third,first,difference,product,sum,âŒâŒâœ…âŒâŒâŒ,ffpfff,input/incoder/arithmetic/5523.txt,"[[""(8, -2, 15)"", ""(15, 8, 3)""], [""(17, -3, 70)"", ""(70, 17, 7)""], [""(1, 1, 0)"", ""(0, 1, 1)""], [""(1, -1, 0)"", ""(0, 1, 0)""], [""(120, 80, 2000)"", ""(2000, 120, 100)""]]",[]
fkrjf4ifji4ofj,b,second,third,first,product,sum,difference,ğŸ’€ğŸ’€ğŸ’€ğŸ’€ğŸ’€ğŸ’€,eeeeee,input/incoder/arithmetic/5527.txt,[],"[""no function/method found in output"", ""no function/method found in output"", ""no function/method found in output"", ""no function/method found in output"", ""no function/method found in output"", ""no function/method found in output""]"
fkrjf4ifji4ofj,b,second,third,first,product,difference,sum,âŒâŒâŒâŒâŒâŒ,ffffff,input/incoder/arithmetic/5529.txt,"[[""(8, 15, -2)"", ""(60, 12, 12)""], [""(17, 70, -3)"", ""(604800, 49, 49)""], [""(0, 0, 0)"", ""(1, 0, 0)""], [""(1, 0, 1)"", ""(0, 0, 0)""], [""(1, 0, -1)"", ""(1, 0, 0)""], [""(120, 2000, 80)"", ""(0, -2950, -2950)""]]",[]
fkrjf4ifji4ofj,b,third,first,second,sum,difference,product,âŒâŒâŒâŒâŒâŒ,ffffff,input/incoder/arithmetic/5621.txt,"[[""(-2, 15, 8)"", ""(8, 2, 15, 15)""], [""(-3, 70, 17)"", ""(17, 3, 70, 70)""], [""(0, 0, 0)"", ""(0, 0, 0, 0)""], [""(1, 0, 1)"", ""(1, -1, 0, 0)""], [""(-1, 0, 1)"", ""(1, 1, 0, 0)""], [""(80, 2000, 120)"", ""(120, -80, 2000, 2000)""]]",[]
fkrjf4ifji4ofj,b,third,first,second,sum,product,difference,âŒâŒâœ…âŒâŒâŒ,ffpfff,input/incoder/arithmetic/5623.txt,"[[""(15, -2, 8)"", ""(3, 5, 2)""], [""(70, -3, 17)"", ""(7, 10, 3)""], [""(0, 1, 1)"", ""(1, 0, -1)""], [""(0, -1, 1)"", ""(0, 1, 1)""], [""(2000, 80, 120)"", ""(100, 20, -80)""]]",[]
fkrjf4ifji4ofj,b,third,first,second,difference,sum,product,âŒâŒâœ…âŒâŒâŒ,ffpfff,input/incoder/arithmetic/5627.txt,"[[""(8, 15, -2)"", ""(-2, 8, 15)""], [""(17, 70, -3)"", ""(-3, 17, 70)""], [""(1, 0, 1)"", ""(1, 1, 0)""], [""(1, 0, -1)"", ""(-1, 1, 0)""], [""(120, 2000, 80)"", ""(80, 120, 2000)""]]",[]
fkrjf4ifji4ofj,b,third,first,second,difference,product,sum,âŒâŒâœ…âŒâŒâŒ,ffpfff,input/incoder/arithmetic/5631.txt,"[[""(15, 8, -2)"", ""(0, 20, 20)""], [""(70, 17, -3)"", ""(0, 80, 80)""], [""(0, 1, 1)"", ""(0, 0, 0)""], [""(0, 1, -1)"", ""(0, 1, 1)""], [""(2000, 120, 80)"", ""(0, 2020, 2020)""]]",[]
fkrjf4ifji4ofj,b,third,first,second,product,sum,difference,âŒâŒâŒâŒâŒâŒ,ffffff,input/incoder/arithmetic/5635.txt,"[[""(8, -2, 15)"", ""(8, -2, 10, 10)""], [""(17, -3, 70)"", ""(17, -3, 20, 20)""], [""(0, 0, 0)"", ""(0, 0, 0, 0)""], [""(1, 1, 0)"", ""(1, 1, 0, 0)""], [""(1, -1, 0)"", ""(1, -1, 2, 2)""], [""(120, 80, 2000)"", ""(120, 80, 40, 40)""]]",[]
fkrjf4ifji4ofj,b,third,first,second,product,difference,sum,ğŸ’€ğŸ’€ğŸ’€ğŸ’€ğŸ’€ğŸ’€,eeeeee,input/incoder/arithmetic/5637.txt,[],"[""no function/method found in output"", ""no function/method found in output"", ""no function/method found in output"", ""no function/method found in output"", ""no function/method found in output"", ""no function/method found in output""]"
fkrjf4ifji4ofj,b,third,second,first,sum,difference,product,âŒâŒâœ…âŒâŒâŒ,ffpfff,input/incoder/arithmetic/5675.txt,"[[""(15, -2, 8)"", ""(8, -2, 15)""], [""(70, -3, 17)"", ""(17, -3, 70)""], [""(0, 1, 1)"", ""(1, 1, 1)""], [""(0, -1, 1)"", ""(1, -1, 0)""], [""(2000, 80, 120)"", ""(120, 80, 2000)""]]",[]
fkrjf4ifji4ofj,b,third,second,first,sum,product,difference,ğŸ’€ğŸ’€ğŸ’€ğŸ’€ğŸ’€ğŸ’€,eeeeee,input/incoder/arithmetic/5677.txt,[],"[""name 'a' is not defined"", ""name 'a' is not defined"", ""name 'a' is not defined"", ""name 'a' is not defined"", ""name 'a' is not defined"", ""name 'a' is not defined""]"
fkrjf4ifji4ofj,b,third,second,first,difference,sum,product,âŒâŒâœ…âŒâŒâŒ,ffpfff,input/incoder/arithmetic/5681.txt,"[[""(15, 8, -2)"", ""(24, 8, 0)""], [""(70, 17, -3)"", ""(119, 17, 0)""], [""(0, 1, 1)"", ""(1, 1, 0)""], [""(0, 1, -1)"", ""(0, 1, 0)""], [""(2000, 120, 80)"", ""(12000, 120, 0)""]]",[]
fkrjf4ifji4ofj,b,third,second,first,difference,product,sum,âŒâŒâœ…âœ…âŒâŒ,ffppff,input/incoder/arithmetic/5685.txt,"[[""(8, 15, -2)"", ""(-2, 15, 8)""], [""(17, 70, -3)"", ""(-3, 70, 17)""], [""(1, 0, -1)"", ""(-1, 0, 1)""], [""(120, 2000, 80)"", ""(80, 2000, 120)""]]",[]
fkrjf4ifji4ofj,b,third,second,first,product,sum,difference,âŒâŒâœ…âŒâŒâŒ,ffpfff,input/incoder/arithmetic/5689.txt,"[[""(-2, 8, 15)"", ""(3, 5, 2)""], [""(-3, 17, 70)"", ""(7, 10, 3)""], [""(1, 1, 0)"", ""(1, 0, -1)""], [""(-1, 1, 0)"", ""(0, 1, 1)""], [""(80, 120, 2000)"", ""(100, 20, -80)""]]",[]
fkrjf4ifji4ofj,b,third,second,first,product,difference,sum,âŒâŒâœ…âŒâŒâŒ,ffpfff,input/incoder/arithmetic/5691.txt,"[[""(8, -2, 15)"", ""(15, -2, 3)""], [""(17, -3, 70)"", ""(70, -3, 7)""], [""(1, 1, 0)"", ""(0, 1, 1)""], [""(1, -1, 0)"", ""(0, -1, 0)""], [""(120, 80, 2000)"", ""(2000, 80, 100)""]]",[]
fkrjf4ifji4ofj,fekjfwoeifjwu5gfd,first,second,third,sum,difference,product,âŒâŒâœ…âŒâŒâŒ,ffpfff,input/incoder/arithmetic/5972.txt,"[[""(8, -2, 15)"", ""(3, 5, 15)""], [""(17, -3, 70)"", ""(7, 10, 70)""], [""(1, 1, 0)"", ""(1, 0, 0)""], [""(1, -1, 0)"", ""(0, 1, 0)""], [""(120, 80, 2000)"", ""(100, 20, 2000)""]]",[]
fkrjf4ifji4ofj,fekjfwoeifjwu5gfd,first,second,third,sum,product,difference,âŒâŒâœ…âœ…âŒâŒ,ffppff,input/incoder/arithmetic/5974.txt,"[[""(8, 15, -2)"", ""(3, 5, -2)""], [""(17, 70, -3)"", ""(7, 10, -3)""], [""(1, 0, -1)"", ""(0, 1, -1)""], [""(120, 2000, 80)"", ""(100, 20, 80)""]]",[]
fkrjf4ifji4ofj,fekjfwoeifjwu5gfd,first,second,third,difference,sum,product,âœ…âœ…âœ…âœ…âœ…âœ…,pppppp,input/incoder/arithmetic/5978.txt,[],[]
fkrjf4ifji4ofj,fekjfwoeifjwu5gfd,first,second,third,difference,product,sum,âœ…âœ…âœ…âœ…âœ…âœ…,pppppp,input/incoder/arithmetic/5982.txt,[],[]
fkrjf4ifji4ofj,fekjfwoeifjwu5gfd,first,second,third,product,sum,difference,ğŸ’€ğŸ’€ğŸ’€ğŸ’€ğŸ’€ğŸ’€,eeeeee,input/incoder/arithmetic/5986.txt,[],"[""name 'ffekjfwoeifjwu5gfd' is not defined"", ""name 'ffekjfwoeifjwu5gfd' is not defined"", ""name 'ffekjfwoeifjwu5gfd' is not defined"", ""name 'ffekjfwoeifjwu5gfd' is not defined"", ""name 'ffekjfwoeifjwu5gfd' is not defined"", ""name 'ffekjfwoeifjwu5gfd' is not defined""]"
fkrjf4ifji4ofj,fekjfwoeifjwu5gfd,first,second,third,product,difference,sum,âŒâŒâœ…âœ…âŒâŒ,ffppff,input/incoder/arithmetic/5988.txt,"[[""(15, -2, 8)"", ""(5, 8, 8)""], [""(70, -3, 17)"", ""(0, 7, 7)""], [""(0, -1, 1)"", ""(0, 9, 1)""], [""(2000, 80, 120)"", ""(0, 0, 0)""]]",[]
fkrjf4ifji4ofj,fekjfwoeifjwu5gfd,first,third,second,sum,difference,product,âŒâŒâœ…âŒâŒâŒ,ffpfff,input/incoder/arithmetic/6026.txt,"[[""(8, 15, -2)"", ""(3, 5, 15)""], [""(17, 70, -3)"", ""(7, 10, 70)""], [""(1, 0, 1)"", ""(1, 0, 0)""], [""(1, 0, -1)"", ""(0, 1, 0)""], [""(120, 2000, 80)"", ""(100, 20, 2000)""]]",[]
fkrjf4ifji4ofj,fekjfwoeifjwu5gfd,first,third,second,sum,product,difference,âŒâŒğŸ’€ğŸ’€âŒâŒ,ffeeff,input/incoder/arithmetic/6028.txt,"[[""(8, -2, 15)"", ""(8, -2, 15, 0.6, -2, 8)""], [""(17, -3, 70)"", ""(17, -3, 70, 0.7, -3, 17)""], [""(1, -1, 0)"", ""(1, -1, 0, 0.0, -1, 1)""], [""(120, 80, 2000)"", ""(120, 80, 2000, 5.0, 80, 120)""]]","[""division by zero"", ""division by zero""]"
fkrjf4ifji4ofj,fekjfwoeifjwu5gfd,first,third,second,difference,sum,product,âŒâŒâœ…âŒâŒâŒ,ffpfff,input/incoder/arithmetic/6032.txt,"[[""(-2, 15, 8)"", ""(-2, 8, -16)""], [""(-3, 70, 17)"", ""(-3, 17, -51)""], [""(1, 0, 1)"", ""(1, 1, 1)""], [""(-1, 0, 1)"", ""(-1, 1, -1)""], [""(80, 2000, 120)"", ""(80, 120, 9600)""]]",[]
fkrjf4ifji4ofj,fekjfwoeifjwu5gfd,first,third,second,difference,product,sum,âŒâŒâœ…âŒâŒâŒ,ffpfff,input/incoder/arithmetic/6036.txt,"[[""(-2, 8, 15)"", ""(-2, 15, 8)""], [""(-3, 17, 70)"", ""(-3, 70, 17)""], [""(1, 1, 0)"", ""(1, 0, 1)""], [""(-1, 1, 0)"", ""(-1, 0, 1)""], [""(80, 120, 2000)"", ""(80, 2000, 120)""]]",[]
fkrjf4ifji4ofj,fekjfwoeifjwu5gfd,first,third,second,product,sum,difference,ğŸ’€ğŸ’€ğŸ’€ğŸ’€ğŸ’€ğŸ’€,eeeeee,input/incoder/arithmetic/6040.txt,[],"[""name 'krjf4ifji4ofj' is not defined"", ""name 'krjf4ifji4ofj' is not defined"", ""name 'krjf4ifji4ofj' is not defined"", ""name 'krjf4ifji4ofj' is not defined"", ""name 'krjf4ifji4ofj' is not defined"", ""name 'krjf4ifji4ofj' is not defined""]"
fkrjf4ifji4ofj,fekjfwoeifjwu5gfd,first,third,second,product,difference,sum,âŒâŒâœ…âŒâŒâŒ,ffpfff,input/incoder/arithmetic/6042.txt,"[[""(15, 8, -2)"", ""(3, 5, 8)""], [""(70, 17, -3)"", ""(7, 10, 17)""], [""(0, 1, 1)"", ""(1, 0, 1)""], [""(0, 1, -1)"", ""(0, 1, 1)""], [""(2000, 120, 80)"", ""(100, 20, 120)""]]",[]
fkrjf4ifji4ofj,fekjfwoeifjwu5gfd,second,first,third,sum,difference,product,âŒâŒâœ…âœ…âŒâŒ,ffppff,input/incoder/arithmetic/6134.txt,"[[""(-2, 8, 15)"", ""(8, -2, 15)""], [""(-3, 17, 70)"", ""(17, -3, 70)""], [""(-1, 1, 0)"", ""(1, -1, 0)""], [""(80, 120, 2000)"", ""(120, 80, 2000)""]]",[]
fkrjf4ifji4ofj,fekjfwoeifjwu5gfd,second,first,third,sum,product,difference,âŒâŒâœ…âŒâœ…âŒ,ffpfpf,input/incoder/arithmetic/6136.txt,"[[""(15, 8, -2)"", ""(3, 5, -2)""], [""(70, 17, -3)"", ""(7, 10, -3)""], [""(0, 1, 1)"", ""(1, 0, 1)""], [""(2000, 120, 80)"", ""(100, 20, 80)""]]",[]
fkrjf4ifji4ofj,fekjfwoeifjwu5gfd,second,first,third,difference,sum,product,âŒâŒâœ…âŒâŒâŒ,ffpfff,input/incoder/arithmetic/6140.txt,"[[""(8, -2, 15)"", ""(3, 5, 0)""], [""(17, -3, 70)"", ""(7, 10, 0)""], [""(1, 1, 0)"", ""(0, 1, 1)""], [""(1, -1, 0)"", ""(0, 1, 0)""], [""(120, 80, 2000)"", ""(20, 100, 80)""]]",[]
fkrjf4ifji4ofj,fekjfwoeifjwu5gfd,second,first,third,difference,product,sum,âŒâŒâœ…âŒâŒâŒ,ffpfff,input/incoder/arithmetic/6144.txt,"[[""(15, -2, 8)"", ""(-2, 15, 8)""], [""(70, -3, 17)"", ""(-3, 70, 17)""], [""(0, 1, 1)"", ""(1, 0, 1)""], [""(0, -1, 1)"", ""(-1, 0, 1)""], [""(2000, 80, 120)"", ""(80, 2000, 120)""]]",[]
fkrjf4ifji4ofj,fekjfwoeifjwu5gfd,second,first,third,product,sum,difference,âŒâŒâœ…âŒâŒâŒ,ffpfff,input/incoder/arithmetic/6148.txt,"[[""(8, 15, -2)"", ""(5, 8, 8)""], [""(17, 70, -3)"", ""(0, 7, 7)""], [""(1, 0, 1)"", ""(0, 1, 1)""], [""(1, 0, -1)"", ""(0, 1, 9)""], [""(120, 2000, 80)"", ""(0, 0, 0)""]]",[]
fkrjf4ifji4ofj,fekjfwoeifjwu5gfd,second,first,third,product,difference,sum,âŒâŒâœ…âŒâŒâŒ,ffpfff,input/incoder/arithmetic/6150.txt,"[[""(-2, 15, 8)"", ""(15, -2, 8)""], [""(-3, 70, 17)"", ""(70, -3, 17)""], [""(1, 0, 1)"", ""(0, 1, 1)""], [""(-1, 0, 1)"", ""(0, -1, 1)""], [""(80, 2000, 120)"", ""(2000, 80, 120)""]]",[]
fkrjf4ifji4ofj,fekjfwoeifjwu5gfd,second,third,first,sum,difference,product,âŒâŒâœ…âŒâœ…âŒ,ffpfpf,input/incoder/arithmetic/6242.txt,"[[""(15, 8, -2)"", ""(3, 5, -2)""], [""(70, 17, -3)"", ""(7, 10, -3)""], [""(0, 1, 1)"", ""(1, 0, 1)""], [""(2000, 120, 80)"", ""(100, 20, 80)""]]",[]
fkrjf4ifji4ofj,fekjfwoeifjwu5gfd,second,third,first,sum,product,difference,âŒâŒâŒâŒâŒâŒ,ffffff,input/incoder/arithmetic/6244.txt,"[[""(-2, 8, 15)"", ""(-2, 0, 1)""], [""(-3, 17, 70)"", ""(-3, 0, 1)""], [""(0, 0, 0)"", ""(0, 0, 1)""], [""(1, 1, 0)"", ""(1, 0, 1)""], [""(-1, 1, 0)"", ""(-1, 0, 1)""], [""(80, 120, 2000)"", ""(80, 0, 1)""]]",[]
fkrjf4ifji4ofj,fekjfwoeifjwu5gfd,second,third,first,difference,sum,product,âŒâŒâœ…âŒâŒâŒ,ffpfff,input/incoder/arithmetic/6248.txt,"[[""(15, -2, 8)"", ""(-2, 15, 3)""], [""(70, -3, 17)"", ""(-3, 70, 7)""], [""(0, 1, 1)"", ""(1, 0, 1)""], [""(0, -1, 1)"", ""(-1, 0, 0)""], [""(2000, 80, 120)"", ""(80, 2000, 100)""]]",[]
fkrjf4ifji4ofj,fekjfwoeifjwu5gfd,second,third,first,difference,product,sum,âŒâŒâœ…âŒâŒâŒ,ffpfff,input/incoder/arithmetic/6252.txt,"[[""(8, -2, 15)"", ""(0, 0, 0)""], [""(17, -3, 70)"", ""(0, 0, 0)""], [""(1, 1, 0)"", ""(1, 0, 0)""], [""(1, -1, 0)"", ""(0, 0, 0)""], [""(120, 80, 2000)"", ""(2, 0, 0)""]]",[]
fkrjf4ifji4ofj,fekjfwoeifjwu5gfd,second,third,first,product,sum,difference,âŒâŒâœ…âœ…âŒâŒ,ffppff,input/incoder/arithmetic/6256.txt,"[[""(-2, 15, 8)"", ""(3, 5, -2)""], [""(-3, 70, 17)"", ""(7, 10, -3)""], [""(-1, 0, 1)"", ""(0, 1, -1)""], [""(80, 2000, 120)"", ""(100, 20, 80)""]]",[]
fkrjf4ifji4ofj,fekjfwoeifjwu5gfd,second,third,first,product,difference,sum,âŒâŒâœ…âŒâŒâŒ,ffpfff,input/incoder/arithmetic/6258.txt,"[[""(8, 15, -2)"", ""(0, -1, 0)""], [""(17, 70, -3)"", ""(0, -1, 0)""], [""(1, 0, 1)"", ""(0, 0, 0)""], [""(1, 0, -1)"", ""(0, -1, 0)""], [""(120, 2000, 80)"", ""(0, 0, 0)""]]",[]
fkrjf4ifji4ofj,fekjfwoeifjwu5gfd,third,first,second,sum,difference,product,âŒâŒâŒâŒâŒâŒ,ffffff,input/incoder/arithmetic/6350.txt,"[[""(-2, 15, 8)"", ""(3, 5)""], [""(-3, 70, 17)"", ""(7, 10)""], [""(0, 0, 0)"", ""(0, 0)""], [""(1, 0, 1)"", ""(1, 0)""], [""(-1, 0, 1)"", ""(0, 1)""], [""(80, 2000, 120)"", ""(100, 20)""]]",[]
fkrjf4ifji4ofj,fekjfwoeifjwu5gfd,third,first,second,sum,product,difference,âŒâŒâœ…âŒâŒâŒ,ffpfff,input/incoder/arithmetic/6352.txt,"[[""(15, -2, 8)"", ""(3, 5, -2)""], [""(70, -3, 17)"", ""(7, 10, -3)""], [""(0, 1, 1)"", ""(1, 0, 1)""], [""(0, -1, 1)"", ""(0, 1, -1)""], [""(2000, 80, 120)"", ""(100, 20, 80)""]]",[]
fkrjf4ifji4ofj,fekjfwoeifjwu5gfd,third,first,second,difference,sum,product,âŒâŒâŒâŒâŒâŒ,ffffff,input/incoder/arithmetic/6356.txt,"[[""(8, 15, -2)"", ""None""], [""(17, 70, -3)"", ""None""], [""(0, 0, 0)"", ""None""], [""(1, 0, 1)"", ""None""], [""(1, 0, -1)"", ""None""], [""(120, 2000, 80)"", ""None""]]",[]
fkrjf4ifji4ofj,fekjfwoeifjwu5gfd,third,first,second,difference,product,sum,âŒâŒâœ…âŒâŒâŒ,ffpfff,input/incoder/arithmetic/6360.txt,"[[""(15, 8, -2)"", ""(-2, 15, 8)""], [""(70, 17, -3)"", ""(-3, 70, 17)""], [""(0, 1, 1)"", ""(1, 0, 1)""], [""(0, 1, -1)"", ""(-1, 0, 1)""], [""(2000, 120, 80)"", ""(80, 2000, 120)""]]",[]
fkrjf4ifji4ofj,fekjfwoeifjwu5gfd,third,first,second,product,sum,difference,âŒâŒâœ…âŒâŒâŒ,ffpfff,input/incoder/arithmetic/6364.txt,"[[""(8, -2, 15)"", ""(5, 8, 8)""], [""(17, -3, 70)"", ""(0, 7, 7)""], [""(1, 1, 0)"", ""(0, 1, 1)""], [""(1, -1, 0)"", ""(0, 1, 9)""], [""(120, 80, 2000)"", ""(0, 0, 0)""]]",[]
fkrjf4ifji4ofj,fekjfwoeifjwu5gfd,third,first,second,product,difference,sum,âŒâŒâœ…âŒâŒâŒ,ffpfff,input/incoder/arithmetic/6366.txt,"[[""(-2, 8, 15)"", ""(15, -2, 8)""], [""(-3, 17, 70)"", ""(70, -3, 17)""], [""(1, 1, 0)"", ""(0, 1, 1)""], [""(-1, 1, 0)"", ""(0, -1, 1)""], [""(80, 120, 2000)"", ""(2000, 80, 120)""]]",[]
fkrjf4ifji4ofj,fekjfwoeifjwu5gfd,third,second,first,sum,difference,product,âŒâŒâŒâŒâŒâŒ,ffffff,input/incoder/arithmetic/6404.txt,"[[""(15, -2, 8)"", ""(3, 5)""], [""(70, -3, 17)"", ""(7, 10)""], [""(0, 0, 0)"", ""(0, 0)""], [""(0, 1, 1)"", ""(1, 0)""], [""(0, -1, 1)"", ""(0, 1)""], [""(2000, 80, 120)"", ""(100, 20)""]]",[]
fkrjf4ifji4ofj,fekjfwoeifjwu5gfd,third,second,first,sum,product,difference,âŒâŒâŒâŒâŒâŒ,ffffff,input/incoder/arithmetic/6406.txt,"[[""(-2, 15, 8)"", ""(3, 5)""], [""(-3, 70, 17)"", ""(7, 10)""], [""(0, 0, 0)"", ""(0, 0)""], [""(1, 0, 1)"", ""(1, 0)""], [""(-1, 0, 1)"", ""(0, 1)""], [""(80, 2000, 120)"", ""(100, 20)""]]",[]
fkrjf4ifji4ofj,fekjfwoeifjwu5gfd,third,second,first,difference,sum,product,âŒâŒâœ…âŒâŒâŒ,ffpfff,input/incoder/arithmetic/6410.txt,"[[""(15, 8, -2)"", ""(-2, 8, 15)""], [""(70, 17, -3)"", ""(-3, 17, 70)""], [""(0, 1, 1)"", ""(1, 1, 0)""], [""(0, 1, -1)"", ""(-1, 1, 0)""], [""(2000, 120, 80)"", ""(80, 120, 2000)""]]",[]
fkrjf4ifji4ofj,fekjfwoeifjwu5gfd,third,second,first,difference,product,sum,âŒâŒâœ…âŒâŒâŒ,ffpfff,input/incoder/arithmetic/6414.txt,"[[""(8, 15, -2)"", ""(-2, 4, 8)""], [""(17, 70, -3)"", ""(-3, 9, 17)""], [""(1, 0, 1)"", ""(1, 1, 1)""], [""(1, 0, -1)"", ""(-1, 1, 1)""], [""(120, 2000, 80)"", ""(80, 6400, 120)""]]",[]
fkrjf4ifji4ofj,fekjfwoeifjwu5gfd,third,second,first,product,sum,difference,âŒâŒâœ…âŒâŒâŒ,ffpfff,input/incoder/arithmetic/6418.txt,"[[""(-2, 8, 15)"", ""(5, 8, 8)""], [""(-3, 17, 70)"", ""(0, 7, 7)""], [""(1, 1, 0)"", ""(0, 1, 1)""], [""(-1, 1, 0)"", ""(0, 1, 9)""], [""(80, 120, 2000)"", ""(0, 0, 0)""]]",[]
fkrjf4ifji4ofj,fekjfwoeifjwu5gfd,third,second,first,product,difference,sum,âŒâŒâœ…âŒâŒâŒ,ffpfff,input/incoder/arithmetic/6420.txt,"[[""(8, -2, 15)"", ""(15, -2, 8)""], [""(17, -3, 70)"", ""(70, -3, 17)""], [""(1, 1, 0)"", ""(0, 1, 1)""], [""(1, -1, 0)"", ""(0, -1, 1)""], [""(120, 80, 2000)"", ""(2000, 80, 120)""]]",[]
