small_ret,large_ret,default_ret,small_limit,large_limit,result_emojis,result,model_input,failed_inputs,errors,incoder_result,incoder_result_emojis,errors,failed_inputs,codeparrot_result,codeparrot_result_emojis,errors,failed_inputs
small,large,,-100,-1,✅✅✅✅✅✅✅✅,pppppppp,input/codex/small_or_large/0.txt,[],[],ffpppppp,❌❌✅✅✅✅✅✅,[],"[[""None"", ""'small'""], [""'large'"", ""'small'""]]",ffffffff,❌❌❌❌❌❌❌❌,[],"[[""None"", ""'large'""], [""'large'"", ""None""], [""'large'"", ""None""], [""'large'"", ""None""], [""'large'"", ""None""], [""'large'"", ""None""], [""'large'"", ""None""], [""'large'"", ""None""]]"
small,large,,-100,2,✅✅✅✅✅✅✅✅,pppppppp,input/codex/small_or_large/1.txt,[],[],ffpppppp,❌❌✅✅✅✅✅✅,[],"[[""None"", ""'small'""], [""None"", ""'small'""]]",ffffffff,❌❌❌❌❌❌❌❌,[],"[[""None"", ""'large'""], [""None"", ""'large'""], [""None"", ""'large'""], [""'large'"", ""None""], [""'large'"", ""None""], [""'large'"", ""None""], [""'large'"", ""None""], [""'large'"", ""None""]]"
small,large,,-100,15,✅✅✅✅✅✅✅✅,pppppppp,input/codex/small_or_large/2.txt,[],[],ffpppppp,❌❌✅✅✅✅✅✅,[],"[[""None"", ""'small'""], [""None"", ""'small'""]]",ffffffff,❌❌❌❌❌❌❌❌,[],"[[""None"", ""'large'""], [""None"", ""'large'""], [""None"", ""'large'""], [""None"", ""'large'""], [""'large'"", ""'small'""], [""'large'"", ""'small'""], [""'large'"", ""'small'""], [""'large'"", ""'small'""]]"
small,large,,-100,2000,✅✅✅✅✅✅✅✅,pppppppp,input/codex/small_or_large/3.txt,[],[],pppppppp,✅✅✅✅✅✅✅✅,[],[],ffffffff,❌❌❌❌❌❌❌❌,[],"[[""None"", ""'large'""], [""None"", ""'large'""], [""None"", ""'large'""], [""None"", ""'large'""], [""None"", ""'large'""], [""None"", ""'large'""], [""'large'"", ""'small'""], [""'large'"", ""'small'""]]"
small,large,,2,15,✅✅✅✅✅✅✅✅,pppppppp,input/codex/small_or_large/6.txt,[],[],pppppppp,✅✅✅✅✅✅✅✅,[],[],pppfffff,✅✅✅❌❌❌❌❌,[],"[[""None"", ""'large'""], [""'large'"", ""None""], [""'large'"", ""None""], [""'large'"", ""None""], [""'large'"", ""None""]]"
small,large,,2,2000,✅✅✅✅✅✅✅✅,pppppppp,input/codex/small_or_large/7.txt,[],[],pppppppp,✅✅✅✅✅✅✅✅,[],[],pppfffff,✅✅✅❌❌❌❌❌,[],"[[""None"", ""'large'""], [""None"", ""'large'""], [""None"", ""'large'""], [""'large'"", ""None""], [""'large'"", ""None""]]"
small,large,,10,15,✅✅✅✅✅✅✅✅,pppppppp,input/codex/small_or_large/10.txt,[],[],pppppppp,✅✅✅✅✅✅✅✅,[],[],pppfffff,✅✅✅❌❌❌❌❌,[],"[[""None"", ""'large'""], [""'large'"", ""None""], [""'large'"", ""None""], [""'large'"", ""None""], [""'large'"", ""None""]]"
small,large,,10,2000,✅✅✅✅✅✅✅✅,pppppppp,input/codex/small_or_large/11.txt,[],[],pppppppp,✅✅✅✅✅✅✅✅,[],[],pppfffff,✅✅✅❌❌❌❌❌,[],"[[""None"", ""'large'""], [""None"", ""'large'""], [""None"", ""'large'""], [""'large'"", ""None""], [""'large'"", ""None""]]"
small,large,,1000,2000,✅✅✅✅✅✅✅✅,pppppppp,input/codex/small_or_large/15.txt,[],[],pppppppp,✅✅✅✅✅✅✅✅,[],[],pppppfff,✅✅✅✅✅❌❌❌,[],"[[""None"", ""'large'""], [""'large'"", ""None""], [""'large'"", ""None""]]"
small,large,None,-100,-1,✅✅✅✅✅✅✅✅,pppppppp,input/codex/small_or_large/16.txt,[],[],ffpppppp,❌❌✅✅✅✅✅✅,[],"[[""'None'"", ""'small'""], [""'large'"", ""'small'""]]",ffpppppp,❌❌✅✅✅✅✅✅,[],"[[""'None'"", ""'small'""], [""'large'"", ""'small'""]]"
small,large,None,-100,2,✅✅✅✅✅✅✅✅,pppppppp,input/codex/small_or_large/17.txt,[],[],fffppppp,❌❌❌✅✅✅✅✅,[],"[[""'None'"", ""None""], [""'None'"", ""None""], [""'None'"", ""None""]]",ffffffff,❌❌❌❌❌❌❌❌,[],"[[""'None'"", ""'large'""], [""'None'"", ""'large'""], [""'None'"", ""'large'""], [""'large'"", ""None""], [""'large'"", ""None""], [""'large'"", ""None""], [""'large'"", ""None""], [""'large'"", ""None""]]"
small,large,None,-100,15,✅✅✅✅✅✅✅✅,pppppppp,input/codex/small_or_large/18.txt,[],[],ffffpppp,❌❌❌❌✅✅✅✅,[],"[[""'None'"", ""'small'""], [""'None'"", ""'small'""], [""'None'"", ""None""], [""'None'"", ""None""]]",ffffffff,❌❌❌❌❌❌❌❌,[],"[[""'None'"", ""'large'""], [""'None'"", ""'large'""], [""'None'"", ""'large'""], [""'None'"", ""'large'""], [""'large'"", ""'small'""], [""'large'"", ""'small'""], [""'large'"", ""'small'""], [""'large'"", ""'small'""]]"
small,large,None,-100,2000,✅✅✅✅✅✅✅✅,pppppppp,input/codex/small_or_large/19.txt,[],[],ffffffpp,❌❌❌❌❌❌✅✅,[],"[[""'None'"", ""'small'""], [""'None'"", ""'small'""], [""'None'"", ""None""], [""'None'"", ""None""], [""'None'"", ""None""], [""'None'"", ""None""]]",ffffffff,❌❌❌❌❌❌❌❌,[],"[[""'None'"", ""'large'""], [""'None'"", ""'large'""], [""'None'"", ""'large'""], [""'None'"", ""'large'""], [""'None'"", ""'large'""], [""'None'"", ""'large'""], [""'large'"", ""None""], [""'large'"", ""None""]]"
small,large,None,2,15,✅✅✅✅✅✅✅✅,pppppppp,input/codex/small_or_large/22.txt,[],[],pppfpppp,✅✅✅❌✅✅✅✅,[],"[[""'None'"", ""None""]]",pppfffff,✅✅✅❌❌❌❌❌,[],"[[""'None'"", ""'large'""], [""'large'"", ""None""], [""'large'"", ""None""], [""'large'"", ""None""], [""'large'"", ""None""]]"
small,large,None,2,2000,✅✅✅✅✅✅✅✅,pppppppp,input/codex/small_or_large/23.txt,[],[],pppfffpp,✅✅✅❌❌❌✅✅,[],"[[""'None'"", ""None""], [""'None'"", ""None""], [""'None'"", ""None""]]",pppfffff,✅✅✅❌❌❌❌❌,[],"[[""'None'"", ""'large'""], [""'None'"", ""'large'""], [""'None'"", ""'large'""], [""'large'"", ""None""], [""'large'"", ""None""]]"
small,large,None,10,15,✅✅✅✅✅✅✅✅,pppppppp,input/codex/small_or_large/26.txt,[],[],pppfpppp,✅✅✅❌✅✅✅✅,[],"[[""'None'"", ""None""]]",pppfffff,✅✅✅❌❌❌❌❌,[],"[[""'None'"", ""'large'""], [""'large'"", ""None""], [""'large'"", ""None""], [""'large'"", ""None""], [""'large'"", ""None""]]"
small,large,None,10,2000,✅✅✅✅✅✅✅✅,pppppppp,input/codex/small_or_large/27.txt,[],[],pppfffpp,✅✅✅❌❌❌✅✅,[],"[[""'None'"", ""None""], [""'None'"", ""None""], [""'None'"", ""None""]]",pppfffff,✅✅✅❌❌❌❌❌,[],"[[""'None'"", ""'large'""], [""'None'"", ""'large'""], [""'None'"", ""'large'""], [""'large'"", ""None""], [""'large'"", ""None""]]"
small,large,None,1000,2000,✅✅✅✅✅✅✅✅,pppppppp,input/codex/small_or_large/31.txt,[],[],pppppfpp,✅✅✅✅✅❌✅✅,[],"[[""'None'"", ""None""]]",pppppfff,✅✅✅✅✅❌❌❌,[],"[[""'None'"", ""'large'""], [""'large'"", ""None""], [""'large'"", ""None""]]"
small,large,neither,-100,-1,✅✅✅✅✅✅✅✅,pppppppp,input/codex/small_or_large/32.txt,[],[],fffppppp,❌❌❌✅✅✅✅✅,[],"[[""'neither'"", ""'small'""], [""'large'"", ""'small'""], [""'large'"", ""'small'""]]",fppppppp,❌✅✅✅✅✅✅✅,[],"[[""'neither'"", ""'large'""]]"
small,large,neither,-100,2,✅✅✅✅✅✅✅✅,pppppppp,input/codex/small_or_large/33.txt,[],[],fffppppp,❌❌❌✅✅✅✅✅,[],"[[""'neither'"", ""'small'""], [""'neither'"", ""'small'""], [""'neither'"", ""'small'""]]",fffppppp,❌❌❌✅✅✅✅✅,[],"[[""'neither'"", ""'large'""], [""'neither'"", ""'large'""], [""'neither'"", ""'large'""]]"
small,large,neither,-100,15,✅✅✅✅✅✅✅✅,pppppppp,input/codex/small_or_large/34.txt,[],[],ffffpppp,❌❌❌❌✅✅✅✅,[],"[[""'neither'"", ""'small'""], [""'neither'"", ""'small'""], [""'neither'"", ""'small'""], [""'neither'"", ""'small'""]]",ffffffff,❌❌❌❌❌❌❌❌,[],"[[""'neither'"", ""'large'""], [""'neither'"", ""'large'""], [""'neither'"", ""'large'""], [""'neither'"", ""'large'""], [""'large'"", ""'small'""], [""'large'"", ""'small'""], [""'large'"", ""'small'""], [""'large'"", ""'small'""]]"
small,large,neither,-100,2000,✅✅✅✅✅✅✅✅,pppppppp,input/codex/small_or_large/35.txt,[],[],ffffffpp,❌❌❌❌❌❌✅✅,[],"[[""'neither'"", ""'small'""], [""'neither'"", ""'small'""], [""'neither'"", ""'small'""], [""'neither'"", ""'small'""], [""'neither'"", ""'small'""], [""'neither'"", ""'small'""]]",ffffffff,❌❌❌❌❌❌❌❌,[],"[[""'neither'"", ""'large'""], [""'neither'"", ""'large'""], [""'neither'"", ""'large'""], [""'neither'"", ""'large'""], [""'neither'"", ""'large'""], [""'neither'"", ""'large'""], [""'large'"", ""'small'""], [""'large'"", ""'small'""]]"
small,large,neither,2,15,✅✅✅✅✅✅✅✅,pppppppp,input/codex/small_or_large/38.txt,[],[],pppfpppp,✅✅✅❌✅✅✅✅,[],"[[""'neither'"", ""'small'""]]",pppfpppp,✅✅✅❌✅✅✅✅,[],"[[""'neither'"", ""'large'""]]"
small,large,neither,2,2000,✅✅✅✅✅✅✅✅,pppppppp,input/codex/small_or_large/39.txt,[],[],pppfffpp,✅✅✅❌❌❌✅✅,[],"[[""'neither'"", ""'small'""], [""'neither'"", ""'small'""], [""'neither'"", ""'small'""]]",pppfffpp,✅✅✅❌❌❌✅✅,[],"[[""'neither'"", ""'large'""], [""'neither'"", ""'large'""], [""'neither'"", ""'large'""]]"
small,large,neither,10,15,✅✅✅✅✅✅✅✅,pppppppp,input/codex/small_or_large/42.txt,[],[],pppfpppp,✅✅✅❌✅✅✅✅,[],"[[""'neither'"", ""'small'""]]",pppfpppp,✅✅✅❌✅✅✅✅,[],"[[""'neither'"", ""'large'""]]"
small,large,neither,10,2000,✅✅✅✅✅✅✅✅,pppppppp,input/codex/small_or_large/43.txt,[],[],pppfffpp,✅✅✅❌❌❌✅✅,[],"[[""'neither'"", ""'small'""], [""'neither'"", ""'small'""], [""'neither'"", ""'small'""]]",pppfffpp,✅✅✅❌❌❌✅✅,[],"[[""'neither'"", ""'large'""], [""'neither'"", ""'large'""], [""'neither'"", ""'large'""]]"
small,large,neither,1000,2000,✅✅✅✅✅✅✅✅,pppppppp,input/codex/small_or_large/47.txt,[],[],pppppfpp,✅✅✅✅✅❌✅✅,[],"[[""'neither'"", ""'small'""]]",pppppfpp,✅✅✅✅✅❌✅✅,[],"[[""'neither'"", ""'large'""]]"
small,house,,-100,-1,✅✅✅✅✅✅✅✅,pppppppp,input/codex/small_or_large/96.txt,[],[],fpffffff,❌✅❌❌❌❌❌❌,[],"[[""None"", ""'house'""], [""'house'"", ""None""], [""'house'"", ""None""], [""'house'"", ""None""], [""'house'"", ""None""], [""'house'"", ""None""], [""'house'"", ""None""]]",ffffffff,❌❌❌❌❌❌❌❌,[],"[[""None"", ""'large'""], [""'house'"", ""None""], [""'house'"", ""None""], [""'house'"", ""None""], [""'house'"", ""None""], [""'house'"", ""None""], [""'house'"", ""None""], [""'house'"", ""None""]]"
small,house,,-100,2,✅✅✅✅✅✅✅✅,pppppppp,input/codex/small_or_large/97.txt,[],[],ffpppppp,❌❌✅✅✅✅✅✅,[],"[[""None"", ""'small'""], [""None"", ""'small'""]]",ffffffff,❌❌❌❌❌❌❌❌,[],"[[""None"", ""'large'""], [""None"", ""'large'""], [""None"", ""'large'""], [""'house'"", ""None""], [""'house'"", ""None""], [""'house'"", ""None""], [""'house'"", ""None""], [""'house'"", ""None""]]"
small,house,,-100,15,✅✅✅✅✅✅✅✅,pppppppp,input/codex/small_or_large/98.txt,[],[],ffpppppp,❌❌✅✅✅✅✅✅,[],"[[""None"", ""'small'""], [""None"", ""'small'""]]",ffffffff,❌❌❌❌❌❌❌❌,[],"[[""None"", ""'small'""], [""None"", ""'small'""], [""None"", ""'small'""], [""None"", ""'small'""], [""'house'"", ""'small'""], [""'house'"", ""'small'""], [""'house'"", ""'small'""], [""'house'"", ""'small'""]]"
small,house,,-100,2000,✅✅✅✅✅✅✅✅,pppppppp,input/codex/small_or_large/99.txt,[],[],pppppppp,✅✅✅✅✅✅✅✅,[],[],ffffffff,❌❌❌❌❌❌❌❌,[],"[[""None"", ""'large'""], [""None"", ""'large'""], [""None"", ""'large'""], [""None"", ""'large'""], [""None"", ""'large'""], [""None"", ""'large'""], [""'house'"", ""None""], [""'house'"", ""None""]]"
small,house,,2,15,✅✅✅✅❌❌❌❌,ppppffff,input/codex/small_or_large/102.txt,"[[""'house'"", ""'large'""], [""'house'"", ""'large'""], [""'house'"", ""'large'""], [""'house'"", ""'large'""]]",[],pppppppp,✅✅✅✅✅✅✅✅,[],[],pppfffff,✅✅✅❌❌❌❌❌,[],"[[""None"", ""'large'""], [""'house'"", ""None""], [""'house'"", ""None""], [""'house'"", ""None""], [""'house'"", ""None""]]"
small,house,,2,2000,✅✅✅✅✅✅❌❌,ppppppff,input/codex/small_or_large/103.txt,"[[""'house'"", ""'large'""], [""'house'"", ""'large'""]]",[],pppppppp,✅✅✅✅✅✅✅✅,[],[],pppfffff,✅✅✅❌❌❌❌❌,[],"[[""None"", ""'large'""], [""None"", ""'large'""], [""None"", ""'large'""], [""'house'"", ""None""], [""'house'"", ""None""]]"
small,house,,10,15,✅✅✅✅❌❌❌❌,ppppffff,input/codex/small_or_large/106.txt,"[[""'house'"", ""'large'""], [""'house'"", ""'large'""], [""'house'"", ""'large'""], [""'house'"", ""'large'""]]",[],ppppffff,✅✅✅✅❌❌❌❌,[],"[[""'house'"", ""'large'""], [""'house'"", ""'large'""], [""'house'"", ""'large'""], [""'house'"", ""'large'""]]",pppfffff,✅✅✅❌❌❌❌❌,[],"[[""None"", ""'large'""], [""'house'"", ""None""], [""'house'"", ""None""], [""'house'"", ""None""], [""'house'"", ""None""]]"
small,house,,10,2000,✅✅✅✅✅✅❌❌,ppppppff,input/codex/small_or_large/107.txt,"[[""'house'"", ""'large'""], [""'house'"", ""'large'""]]",[],pppppppp,✅✅✅✅✅✅✅✅,[],[],pppfffff,✅✅✅❌❌❌❌❌,[],"[[""None"", ""'large'""], [""None"", ""'large'""], [""None"", ""'large'""], [""'house'"", ""None""], [""'house'"", ""None""]]"
small,house,,1000,2000,✅✅✅✅✅✅❌❌,ppppppff,input/codex/small_or_large/111.txt,"[[""'house'"", ""'large'""], [""'house'"", ""'large'""]]",[],pppppppp,✅✅✅✅✅✅✅✅,[],[],pppppfff,✅✅✅✅✅❌❌❌,[],"[[""None"", ""'large'""], [""'house'"", ""None""], [""'house'"", ""None""]]"
small,house,None,-100,-1,✅✅✅✅✅✅✅✅,pppppppp,input/codex/small_or_large/112.txt,[],[],ffffffff,❌❌❌❌❌❌❌❌,[],"[[""'None'"", ""'small'""], [""'house'"", ""'small'""], [""'house'"", ""None""], [""'house'"", ""'large'""], [""'house'"", ""'large'""], [""'house'"", ""'large'""], [""'house'"", ""'large'""], [""'house'"", ""'large'""]]",ffffffff,❌❌❌❌❌❌❌❌,[],"[[""'None'"", ""'large'""], [""'house'"", ""None""], [""'house'"", ""None""], [""'house'"", ""None""], [""'house'"", ""None""], [""'house'"", ""None""], [""'house'"", ""None""], [""'house'"", ""None""]]"
small,house,None,-100,2,✅✅✅✅✅✅✅✅,pppppppp,input/codex/small_or_large/113.txt,[],[],fffppppp,❌❌❌✅✅✅✅✅,[],"[[""'None'"", ""None""], [""'None'"", ""None""], [""'None'"", ""None""]]",ffffffff,❌❌❌❌❌❌❌❌,[],"[[""'None'"", ""'large'""], [""'None'"", ""'large'""], [""'None'"", ""'large'""], [""'house'"", ""None""], [""'house'"", ""None""], [""'house'"", ""None""], [""'house'"", ""None""], [""'house'"", ""None""]]"
small,house,None,-100,15,✅✅✅✅✅✅✅✅,pppppppp,input/codex/small_or_large/114.txt,[],[],ffffpppp,❌❌❌❌✅✅✅✅,[],"[[""'None'"", ""None""], [""'None'"", ""None""], [""'None'"", ""None""], [""'None'"", ""None""]]",ffffffff,❌❌❌❌❌❌❌❌,[],"[[""'None'"", ""'small'""], [""'None'"", ""'small'""], [""'None'"", ""'small'""], [""'None'"", ""'small'""], [""'house'"", ""'large'""], [""'house'"", ""'large'""], [""'house'"", ""'large'""], [""'house'"", ""'large'""]]"
small,house,None,-100,2000,❌❌❌❌❌❌✅✅,ffffffpp,input/codex/small_or_large/115.txt,"[[""'None'"", ""None""], [""'None'"", ""None""], [""'None'"", ""None""], [""'None'"", ""None""], [""'None'"", ""None""], [""'None'"", ""None""]]",[],ffffffpp,❌❌❌❌❌❌✅✅,[],"[[""'None'"", ""None""], [""'None'"", ""None""], [""'None'"", ""None""], [""'None'"", ""None""], [""'None'"", ""None""], [""'None'"", ""None""]]",ffffffff,❌❌❌❌❌❌❌❌,[],"[[""'None'"", ""'large'""], [""'None'"", ""'large'""], [""'None'"", ""'large'""], [""'None'"", ""'large'""], [""'None'"", ""'large'""], [""'None'"", ""'large'""], [""'house'"", ""None""], [""'house'"", ""None""]]"
small,house,None,2,15,✅✅✅✅❌❌❌❌,ppppffff,input/codex/small_or_large/118.txt,"[[""'house'"", ""'large'""], [""'house'"", ""'large'""], [""'house'"", ""'large'""], [""'house'"", ""'large'""]]",[],pppfpppp,✅✅✅❌✅✅✅✅,[],"[[""'None'"", ""None""]]",pppfffff,✅✅✅❌❌❌❌❌,[],"[[""'None'"", ""'large'""], [""'house'"", ""None""], [""'house'"", ""None""], [""'house'"", ""None""], [""'house'"", ""None""]]"
small,house,None,2,2000,✅✅✅✅✅✅❌❌,ppppppff,input/codex/small_or_large/119.txt,"[[""'house'"", ""'large'""], [""'house'"", ""'large'""]]",[],pppfffpp,✅✅✅❌❌❌✅✅,[],"[[""'None'"", ""None""], [""'None'"", ""None""], [""'None'"", ""None""]]",pppfffff,✅✅✅❌❌❌❌❌,[],"[[""'None'"", ""'large'""], [""'None'"", ""'large'""], [""'None'"", ""'large'""], [""'house'"", ""None""], [""'house'"", ""None""]]"
small,house,None,10,15,✅✅✅✅❌❌❌❌,ppppffff,input/codex/small_or_large/122.txt,"[[""'house'"", ""'large'""], [""'house'"", ""'large'""], [""'house'"", ""'large'""], [""'house'"", ""'large'""]]",[],pppfpppp,✅✅✅❌✅✅✅✅,[],"[[""'None'"", ""None""]]",pppfffff,✅✅✅❌❌❌❌❌,[],"[[""'None'"", ""'large'""], [""'house'"", ""None""], [""'house'"", ""None""], [""'house'"", ""None""], [""'house'"", ""None""]]"
small,house,None,10,2000,✅✅✅✅✅✅❌❌,ppppppff,input/codex/small_or_large/123.txt,"[[""'house'"", ""'large'""], [""'house'"", ""'large'""]]",[],pppfffpp,✅✅✅❌❌❌✅✅,[],"[[""'None'"", ""None""], [""'None'"", ""None""], [""'None'"", ""None""]]",pppfffff,✅✅✅❌❌❌❌❌,[],"[[""'None'"", ""'large'""], [""'None'"", ""'large'""], [""'None'"", ""'large'""], [""'house'"", ""None""], [""'house'"", ""None""]]"
small,house,None,1000,2000,✅✅✅✅✅✅❌❌,ppppppff,input/codex/small_or_large/127.txt,"[[""'house'"", ""'large'""], [""'house'"", ""'large'""]]",[],pppppfpp,✅✅✅✅✅❌✅✅,[],"[[""'None'"", ""None""]]",pppppfff,✅✅✅✅✅❌❌❌,[],"[[""'None'"", ""'large'""], [""'house'"", ""None""], [""'house'"", ""None""]]"
small,house,neither,-100,-1,✅✅✅✅✅✅✅✅,pppppppp,input/codex/small_or_large/128.txt,[],[],fpffffff,❌✅❌❌❌❌❌❌,[],"[[""'neither'"", ""'house'""], [""'house'"", ""'large'""], [""'house'"", ""'large'""], [""'house'"", ""'large'""], [""'house'"", ""'large'""], [""'house'"", ""'large'""], [""'house'"", ""'large'""]]",ffffffff,❌❌❌❌❌❌❌❌,[],"[[""'neither'"", ""'large'""], [""'house'"", ""'small'""], [""'house'"", ""'small'""], [""'house'"", ""'small'""], [""'house'"", ""'small'""], [""'house'"", ""'small'""], [""'house'"", ""'small'""], [""'house'"", ""'small'""]]"
small,house,neither,-100,2,✅✅✅✅✅✅✅✅,pppppppp,input/codex/small_or_large/129.txt,[],[],fffppppp,❌❌❌✅✅✅✅✅,[],"[[""'neither'"", ""'small'""], [""'neither'"", ""'small'""], [""'neither'"", ""'small'""]]",ffffffff,❌❌❌❌❌❌❌❌,[],"[[""'neither'"", ""'large'""], [""'neither'"", ""'large'""], [""'neither'"", ""'large'""], [""'house'"", ""'small'""], [""'house'"", ""'small'""], [""'house'"", ""'small'""], [""'house'"", ""'small'""], [""'house'"", ""'small'""]]"
small,house,neither,-100,15,✅✅✅✅✅✅✅✅,pppppppp,input/codex/small_or_large/130.txt,[],[],ffffpppp,❌❌❌❌✅✅✅✅,[],"[[""'neither'"", ""'small'""], [""'neither'"", ""'small'""], [""'neither'"", ""'small'""], [""'neither'"", ""'small'""]]",ffffffff,❌❌❌❌❌❌❌❌,[],"[[""'neither'"", ""'large'""], [""'neither'"", ""'large'""], [""'neither'"", ""'large'""], [""'neither'"", ""'large'""], [""'house'"", ""'small'""], [""'house'"", ""'small'""], [""'house'"", ""'small'""], [""'house'"", ""'small'""]]"
small,house,neither,-100,2000,✅✅✅✅✅✅✅✅,pppppppp,input/codex/small_or_large/131.txt,[],[],ffffffpp,❌❌❌❌❌❌✅✅,[],"[[""'neither'"", ""'small'""], [""'neither'"", ""'small'""], [""'neither'"", ""'small'""], [""'neither'"", ""'small'""], [""'neither'"", ""'small'""], [""'neither'"", ""'small'""]]",ffffffff,❌❌❌❌❌❌❌❌,[],"[[""'neither'"", ""'large'""], [""'neither'"", ""'large'""], [""'neither'"", ""'large'""], [""'neither'"", ""'large'""], [""'neither'"", ""'large'""], [""'neither'"", ""'large'""], [""'house'"", ""'small'""], [""'house'"", ""'small'""]]"
small,house,neither,2,15,✅✅✅✅❌❌❌❌,ppppffff,input/codex/small_or_large/134.txt,"[[""'house'"", ""'large'""], [""'house'"", ""'large'""], [""'house'"", ""'large'""], [""'house'"", ""'large'""]]",[],pppfpppp,✅✅✅❌✅✅✅✅,[],"[[""'neither'"", ""'large'""]]",pppfffff,✅✅✅❌❌❌❌❌,[],"[[""'neither'"", ""'large'""], [""'house'"", ""'small'""], [""'house'"", ""'small'""], [""'house'"", ""'small'""], [""'house'"", ""'small'""]]"
small,house,neither,2,2000,✅✅✅✅✅✅❌❌,ppppppff,input/codex/small_or_large/135.txt,"[[""'house'"", ""'large'""], [""'house'"", ""'large'""]]",[],pppfffpp,✅✅✅❌❌❌✅✅,[],"[[""'neither'"", ""'large'""], [""'neither'"", ""'large'""], [""'neither'"", ""'large'""]]",pppfffff,✅✅✅❌❌❌❌❌,[],"[[""'neither'"", ""'large'""], [""'neither'"", ""'large'""], [""'neither'"", ""'large'""], [""'house'"", ""'small'""], [""'house'"", ""'small'""]]"
small,house,neither,10,15,✅✅✅✅❌❌❌❌,ppppffff,input/codex/small_or_large/138.txt,"[[""'house'"", ""'large'""], [""'house'"", ""'large'""], [""'house'"", ""'large'""], [""'house'"", ""'large'""]]",[],pppfffff,✅✅✅❌❌❌❌❌,[],"[[""'neither'"", ""'house'""], [""'house'"", ""'large'""], [""'house'"", ""'large'""], [""'house'"", ""'large'""], [""'house'"", ""'large'""]]",pppfffff,✅✅✅❌❌❌❌❌,[],"[[""'neither'"", ""'large'""], [""'house'"", ""'small'""], [""'house'"", ""'small'""], [""'house'"", ""'small'""], [""'house'"", ""'small'""]]"
small,house,neither,10,2000,✅✅✅✅✅✅❌❌,ppppppff,input/codex/small_or_large/139.txt,"[[""'house'"", ""'large'""], [""'house'"", ""'large'""]]",[],pppfffff,✅✅✅❌❌❌❌❌,[],"[[""'neither'"", ""'house'""], [""'neither'"", ""'house'""], [""'neither'"", ""'house'""], [""'house'"", ""'large'""], [""'house'"", ""'large'""]]",pppfffff,✅✅✅❌❌❌❌❌,[],"[[""'neither'"", ""'large'""], [""'neither'"", ""'large'""], [""'neither'"", ""'large'""], [""'house'"", ""'small'""], [""'house'"", ""'small'""]]"
small,house,neither,1000,2000,✅✅✅✅✅✅❌❌,ppppppff,input/codex/small_or_large/143.txt,"[[""'house'"", ""'large'""], [""'house'"", ""'large'""]]",[],pppppfpp,✅✅✅✅✅❌✅✅,[],"[[""'neither'"", ""'small'""]]",pppppfff,✅✅✅✅✅❌❌❌,[],"[[""'neither'"", ""'large'""], [""'house'"", ""'large'""], [""'house'"", ""'large'""]]"
large,small,,-100,-1,✅✅✅✅✅✅✅✅,pppppppp,input/codex/small_or_large/192.txt,[],[],fpffffff,❌✅❌❌❌❌❌❌,[],"[[""None"", ""'small'""], [""'small'"", ""None""], [""'small'"", ""None""], [""'small'"", ""None""], [""'small'"", ""None""], [""'small'"", ""None""], [""'small'"", ""None""]]",ffffffff,❌❌❌❌❌❌❌❌,[],"[[""None"", ""'large'""], [""'small'"", ""'large'""], [""'small'"", ""None""], [""'small'"", ""None""], [""'small'"", ""None""], [""'small'"", ""None""], [""'small'"", ""None""], [""'small'"", ""None""]]"
large,small,,-100,2,✅✅✅✅✅✅✅✅,pppppppp,input/codex/small_or_large/193.txt,[],[],ffffffff,❌❌❌❌❌❌❌❌,[],"[[""None"", ""'small'""], [""None"", ""'small'""], [""None"", ""'large'""], [""'small'"", ""None""], [""'small'"", ""None""], [""'small'"", ""None""], [""'small'"", ""None""], [""'small'"", ""None""]]",ffffffff,❌❌❌❌❌❌❌❌,[],"[[""None"", ""'large'""], [""None"", ""'large'""], [""None"", ""'large'""], [""'small'"", ""None""], [""'small'"", ""None""], [""'small'"", ""None""], [""'small'"", ""None""], [""'small'"", ""None""]]"
large,small,,-100,15,✅✅✅✅✅✅✅✅,pppppppp,input/codex/small_or_large/194.txt,[],[],ffppffff,❌❌✅✅❌❌❌❌,[],"[[""None"", ""'small'""], [""None"", ""'small'""], [""'small'"", ""'large'""], [""'small'"", ""'large'""], [""'small'"", ""'large'""], [""'small'"", ""'large'""]]",ffffffff,❌❌❌❌❌❌❌❌,[],"[[""None"", ""'small'""], [""None"", ""'small'""], [""None"", ""'small'""], [""None"", ""'small'""], [""'small'"", ""None""], [""'small'"", ""None""], [""'small'"", ""None""], [""'small'"", ""None""]]"
large,small,,-100,2000,✅✅✅✅✅✅✅✅,pppppppp,input/codex/small_or_large/195.txt,[],[],ffppppff,❌❌✅✅✅✅❌❌,[],"[[""None"", ""'small'""], [""None"", ""'small'""], [""'small'"", ""'large'""], [""'small'"", ""'large'""]]",ffffffff,❌❌❌❌❌❌❌❌,[],"[[""None"", ""'small'""], [""None"", ""'small'""], [""None"", ""'small'""], [""None"", ""'small'""], [""None"", ""'small'""], [""None"", ""'small'""], [""'small'"", ""'large'""], [""'small'"", ""'large'""]]"
large,small,,2,15,✅✅✅✅✅✅✅✅,pppppppp,input/codex/small_or_large/198.txt,[],[],fffpffff,❌❌❌✅❌❌❌❌,[],"[[""'large'"", ""'small'""], [""'large'"", ""'small'""], [""'large'"", ""'small'""], [""'small'"", ""'large'""], [""'small'"", ""'large'""], [""'small'"", ""'large'""], [""'small'"", ""'large'""]]",ffffffff,❌❌❌❌❌❌❌❌,[],"[[""'large'"", ""'small'""], [""'large'"", ""'small'""], [""'large'"", ""'small'""], [""None"", ""'large'""], [""'small'"", ""None""], [""'small'"", ""None""], [""'small'"", ""None""], [""'small'"", ""None""]]"
large,small,,2,2000,✅✅✅✅✅✅✅✅,pppppppp,input/codex/small_or_large/199.txt,[],[],fffpppff,❌❌❌✅✅✅❌❌,[],"[[""'large'"", ""'small'""], [""'large'"", ""'small'""], [""'large'"", ""'small'""], [""'small'"", ""'large'""], [""'small'"", ""'large'""]]",ffffffff,❌❌❌❌❌❌❌❌,[],"[[""'large'"", ""'small'""], [""'large'"", ""'small'""], [""'large'"", ""'small'""], [""None"", ""'large'""], [""None"", ""'large'""], [""None"", ""'large'""], [""'small'"", ""None""], [""'small'"", ""None""]]"
large,small,,10,15,✅✅✅✅✅✅✅✅,pppppppp,input/codex/small_or_large/202.txt,[],[],fffpffff,❌❌❌✅❌❌❌❌,[],"[[""'large'"", ""'small'""], [""'large'"", ""'small'""], [""'large'"", ""'small'""], [""'small'"", ""'large'""], [""'small'"", ""'large'""], [""'small'"", ""'large'""], [""'small'"", ""'large'""]]",ffffffff,❌❌❌❌❌❌❌❌,[],"[[""'large'"", ""'small'""], [""'large'"", ""'small'""], [""'large'"", ""'small'""], [""None"", ""'large'""], [""'small'"", ""None""], [""'small'"", ""None""], [""'small'"", ""None""], [""'small'"", ""None""]]"
large,small,,10,2000,✅✅✅✅✅✅✅✅,pppppppp,input/codex/small_or_large/203.txt,[],[],fffpppff,❌❌❌✅✅✅❌❌,[],"[[""'large'"", ""'small'""], [""'large'"", ""'small'""], [""'large'"", ""'small'""], [""'small'"", ""'large'""], [""'small'"", ""'large'""]]",ffffffff,❌❌❌❌❌❌❌❌,[],"[[""'large'"", ""'small'""], [""'large'"", ""'small'""], [""'large'"", ""'small'""], [""None"", ""'large'""], [""None"", ""'large'""], [""None"", ""'large'""], [""'small'"", ""None""], [""'small'"", ""None""]]"
large,small,,1000,2000,✅✅✅✅✅✅✅✅,pppppppp,input/codex/small_or_large/207.txt,[],[],fffffpff,❌❌❌❌❌✅❌❌,[],"[[""'large'"", ""'small'""], [""'large'"", ""'small'""], [""'large'"", ""'small'""], [""'large'"", ""'small'""], [""'large'"", ""'small'""], [""'small'"", ""'large'""], [""'small'"", ""'large'""]]",ffffffff,❌❌❌❌❌❌❌❌,[],"[[""'large'"", ""'small'""], [""'large'"", ""'small'""], [""'large'"", ""'small'""], [""'large'"", ""'small'""], [""'large'"", ""'small'""], [""None"", ""'large'""], [""'small'"", ""None""], [""'small'"", ""None""]]"
large,small,None,-100,-1,✅✅✅✅✅✅✅✅,pppppppp,input/codex/small_or_large/208.txt,[],[],fpffffff,❌✅❌❌❌❌❌❌,[],"[[""'None'"", ""'small'""], [""'small'"", ""None""], [""'small'"", ""'large'""], [""'small'"", ""'large'""], [""'small'"", ""'large'""], [""'small'"", ""'large'""], [""'small'"", ""'large'""]]",ffffffff,❌❌❌❌❌❌❌❌,[],"[[""'None'"", ""'large'""], [""'small'"", ""None""], [""'small'"", ""None""], [""'small'"", ""None""], [""'small'"", ""None""], [""'small'"", ""None""], [""'small'"", ""None""], [""'small'"", ""None""]]"
large,small,None,-100,2,✅✅✅✅✅✅✅✅,pppppppp,input/codex/small_or_large/209.txt,[],[],ffffffff,❌❌❌❌❌❌❌❌,[],"[[""'None'"", ""'small'""], [""'None'"", ""'small'""], [""'None'"", ""'large'""], [""'small'"", ""None""], [""'small'"", ""None""], [""'small'"", ""None""], [""'small'"", ""None""], [""'small'"", ""None""]]",ffffffff,❌❌❌❌❌❌❌❌,[],"[[""'None'"", ""'large'""], [""'None'"", ""'large'""], [""'None'"", ""'large'""], [""'small'"", ""None""], [""'small'"", ""None""], [""'small'"", ""None""], [""'small'"", ""None""], [""'small'"", ""None""]]"
large,small,None,-100,15,✅✅✅✅✅✅✅✅,pppppppp,input/codex/small_or_large/210.txt,[],[],ffffffff,❌❌❌❌❌❌❌❌,[],"[[""'None'"", ""'small'""], [""'None'"", ""'small'""], [""'None'"", ""None""], [""'None'"", ""None""], [""'small'"", ""'large'""], [""'small'"", ""'large'""], [""'small'"", ""'large'""], [""'small'"", ""'large'""]]",ffffffff,❌❌❌❌❌❌❌❌,[],"[[""'None'"", ""'small'""], [""'None'"", ""'small'""], [""'None'"", ""'small'""], [""'None'"", ""'small'""], [""'small'"", ""None""], [""'small'"", ""None""], [""'small'"", ""None""], [""'small'"", ""None""]]"
large,small,None,-100,2000,✅✅✅✅✅✅✅✅,pppppppp,input/codex/small_or_large/211.txt,[],[],ffffffff,❌❌❌❌❌❌❌❌,[],"[[""'None'"", ""'small'""], [""'None'"", ""'small'""], [""'None'"", ""None""], [""'None'"", ""None""], [""'None'"", ""None""], [""'None'"", ""None""], [""'small'"", ""'large'""], [""'small'"", ""'large'""]]",ffffffff,❌❌❌❌❌❌❌❌,[],"[[""'None'"", ""'small'""], [""'None'"", ""'small'""], [""'None'"", ""'small'""], [""'None'"", ""'small'""], [""'None'"", ""'small'""], [""'None'"", ""'small'""], [""'small'"", ""'large'""], [""'small'"", ""'large'""]]"
large,small,None,2,15,✅✅✅✅✅✅✅✅,pppppppp,input/codex/small_or_large/214.txt,[],[],ffffffff,❌❌❌❌❌❌❌❌,[],"[[""'large'"", ""'small'""], [""'large'"", ""'small'""], [""'large'"", ""'small'""], [""'None'"", ""None""], [""'small'"", ""'large'""], [""'small'"", ""'large'""], [""'small'"", ""'large'""], [""'small'"", ""'large'""]]",ffffffff,❌❌❌❌❌❌❌❌,[],"[[""'large'"", ""'small'""], [""'large'"", ""'small'""], [""'large'"", ""'small'""], [""'None'"", ""'large'""], [""'small'"", ""None""], [""'small'"", ""None""], [""'small'"", ""None""], [""'small'"", ""None""]]"
large,small,None,2,2000,✅✅✅✅✅✅✅✅,pppppppp,input/codex/small_or_large/215.txt,[],[],ffffffff,❌❌❌❌❌❌❌❌,[],"[[""'large'"", ""'small'""], [""'large'"", ""'small'""], [""'large'"", ""'small'""], [""'None'"", ""None""], [""'None'"", ""None""], [""'None'"", ""None""], [""'small'"", ""'large'""], [""'small'"", ""'large'""]]",ffffffff,❌❌❌❌❌❌❌❌,[],"[[""'large'"", ""'small'""], [""'large'"", ""'small'""], [""'large'"", ""'small'""], [""'None'"", ""'large'""], [""'None'"", ""'large'""], [""'None'"", ""'large'""], [""'small'"", ""None""], [""'small'"", ""None""]]"
large,small,None,10,15,✅✅✅✅✅✅✅✅,pppppppp,input/codex/small_or_large/218.txt,[],[],ffffffff,❌❌❌❌❌❌❌❌,[],"[[""'large'"", ""'small'""], [""'large'"", ""'small'""], [""'large'"", ""'small'""], [""'None'"", ""None""], [""'small'"", ""'large'""], [""'small'"", ""'large'""], [""'small'"", ""'large'""], [""'small'"", ""'large'""]]",ffffffff,❌❌❌❌❌❌❌❌,[],"[[""'large'"", ""'small'""], [""'large'"", ""'small'""], [""'large'"", ""'small'""], [""'None'"", ""'large'""], [""'small'"", ""None""], [""'small'"", ""None""], [""'small'"", ""None""], [""'small'"", ""None""]]"
large,small,None,10,2000,✅✅✅✅✅✅✅✅,pppppppp,input/codex/small_or_large/219.txt,[],[],ffffffff,❌❌❌❌❌❌❌❌,[],"[[""'large'"", ""'small'""], [""'large'"", ""'small'""], [""'large'"", ""'small'""], [""'None'"", ""None""], [""'None'"", ""None""], [""'None'"", ""None""], [""'small'"", ""'large'""], [""'small'"", ""'large'""]]",ffffffff,❌❌❌❌❌❌❌❌,[],"[[""'large'"", ""'small'""], [""'large'"", ""'small'""], [""'large'"", ""'small'""], [""'None'"", ""'large'""], [""'None'"", ""'large'""], [""'None'"", ""'large'""], [""'small'"", ""None""], [""'small'"", ""None""]]"
large,small,None,1000,2000,✅✅✅✅✅✅✅✅,pppppppp,input/codex/small_or_large/223.txt,[],[],ffffffff,❌❌❌❌❌❌❌❌,[],"[[""'large'"", ""'small'""], [""'large'"", ""'small'""], [""'large'"", ""'small'""], [""'large'"", ""'small'""], [""'large'"", ""'small'""], [""'None'"", ""None""], [""'small'"", ""'large'""], [""'small'"", ""'large'""]]",ffffffff,❌❌❌❌❌❌❌❌,[],"[[""'large'"", ""'small'""], [""'large'"", ""'small'""], [""'large'"", ""'small'""], [""'large'"", ""'small'""], [""'large'"", ""'small'""], [""'None'"", ""'large'""], [""'small'"", ""None""], [""'small'"", ""None""]]"
large,small,neither,-100,-1,✅✅✅✅✅✅✅✅,pppppppp,input/codex/small_or_large/224.txt,[],[],fppfffff,❌✅✅❌❌❌❌❌,[],"[[""'neither'"", ""'small'""], [""'small'"", ""'large'""], [""'small'"", ""'large'""], [""'small'"", ""'large'""], [""'small'"", ""'large'""], [""'small'"", ""'large'""]]",ffffffff,❌❌❌❌❌❌❌❌,[],"[[""'neither'"", ""0""], [""'small'"", ""99""], [""'small'"", ""100""], [""'small'"", ""110""], [""'small'"", ""200""], [""'small'"", ""1100""], [""'small'"", ""2100""], [""'small'"", ""1000100""]]"
large,small,neither,-100,2,✅✅✅✅✅✅✅✅,pppppppp,input/codex/small_or_large/225.txt,[],[],ffffffff,❌❌❌❌❌❌❌❌,[],"[[""'neither'"", ""'small'""], [""'neither'"", ""'small'""], [""'neither'"", ""'small'""], [""'small'"", ""'large'""], [""'small'"", ""'large'""], [""'small'"", ""'large'""], [""'small'"", ""'large'""], [""'small'"", ""'large'""]]",fffppppp,❌❌❌✅✅✅✅✅,[],"[[""'neither'"", ""'large'""], [""'neither'"", ""'large'""], [""'neither'"", ""'large'""]]"
large,small,neither,-100,15,✅✅✅✅✅✅✅✅,pppppppp,input/codex/small_or_large/226.txt,[],[],ffffffff,❌❌❌❌❌❌❌❌,[],"[[""'neither'"", ""'small'""], [""'neither'"", ""'small'""], [""'neither'"", ""'small'""], [""'neither'"", ""'small'""], [""'small'"", ""'large'""], [""'small'"", ""'large'""], [""'small'"", ""'large'""], [""'small'"", ""'large'""]]",ffffpppp,❌❌❌❌✅✅✅✅,[],"[[""'neither'"", ""'large'""], [""'neither'"", ""'large'""], [""'neither'"", ""'large'""], [""'neither'"", ""'large'""]]"
large,small,neither,-100,2000,✅✅✅✅✅✅✅✅,pppppppp,input/codex/small_or_large/227.txt,[],[],ffffffff,❌❌❌❌❌❌❌❌,[],"[[""'neither'"", ""'small'""], [""'neither'"", ""'small'""], [""'neither'"", ""'small'""], [""'neither'"", ""'small'""], [""'neither'"", ""'small'""], [""'neither'"", ""'small'""], [""'small'"", ""'large'""], [""'small'"", ""'large'""]]",ffffffpp,❌❌❌❌❌❌✅✅,[],"[[""'neither'"", ""'large'""], [""'neither'"", ""'large'""], [""'neither'"", ""'large'""], [""'neither'"", ""'large'""], [""'neither'"", ""'large'""], [""'neither'"", ""'large'""]]"
large,small,neither,2,15,✅✅✅✅✅✅✅✅,pppppppp,input/codex/small_or_large/230.txt,[],[],ffffffff,❌❌❌❌❌❌❌❌,[],"[[""'large'"", ""'small'""], [""'large'"", ""'small'""], [""'large'"", ""'small'""], [""'neither'"", ""'small'""], [""'small'"", ""'large'""], [""'small'"", ""'large'""], [""'small'"", ""'large'""], [""'small'"", ""'large'""]]",ffffpppp,❌❌❌❌✅✅✅✅,[],"[[""'large'"", ""'small'""], [""'large'"", ""'small'""], [""'large'"", ""'small'""], [""'neither'"", ""'large'""]]"
large,small,neither,2,2000,✅✅✅✅✅✅✅✅,pppppppp,input/codex/small_or_large/231.txt,[],[],ffffffff,❌❌❌❌❌❌❌❌,[],"[[""'large'"", ""'small'""], [""'large'"", ""'small'""], [""'large'"", ""'small'""], [""'neither'"", ""'small'""], [""'neither'"", ""'small'""], [""'neither'"", ""'small'""], [""'small'"", ""'large'""], [""'small'"", ""'large'""]]",ffffffpp,❌❌❌❌❌❌✅✅,[],"[[""'large'"", ""'small'""], [""'large'"", ""'small'""], [""'large'"", ""'small'""], [""'neither'"", ""'large'""], [""'neither'"", ""'large'""], [""'neither'"", ""'large'""]]"
large,small,neither,10,15,✅✅✅✅✅✅✅✅,pppppppp,input/codex/small_or_large/234.txt,[],[],ffffffff,❌❌❌❌❌❌❌❌,[],"[[""'large'"", ""'small'""], [""'large'"", ""'small'""], [""'large'"", ""'small'""], [""'neither'"", ""'large'""], [""'small'"", ""'large'""], [""'small'"", ""'large'""], [""'small'"", ""'large'""], [""'small'"", ""'large'""]]",ffffpppp,❌❌❌❌✅✅✅✅,[],"[[""'large'"", ""'small'""], [""'large'"", ""'small'""], [""'large'"", ""'small'""], [""'neither'"", ""'large'""]]"
large,small,neither,10,2000,✅✅✅✅✅✅✅✅,pppppppp,input/codex/small_or_large/235.txt,[],[],ffffffff,❌❌❌❌❌❌❌❌,[],"[[""'large'"", ""'small'""], [""'large'"", ""'small'""], [""'large'"", ""'small'""], [""'neither'"", ""'small'""], [""'neither'"", ""'small'""], [""'neither'"", ""'small'""], [""'small'"", ""'large'""], [""'small'"", ""'large'""]]",ffffffpp,❌❌❌❌❌❌✅✅,[],"[[""'large'"", ""'small'""], [""'large'"", ""'small'""], [""'large'"", ""'small'""], [""'neither'"", ""'large'""], [""'neither'"", ""'large'""], [""'neither'"", ""'large'""]]"
large,small,neither,1000,2000,✅✅✅✅✅✅✅✅,pppppppp,input/codex/small_or_large/239.txt,[],[],ffffffff,❌❌❌❌❌❌❌❌,[],"[[""'large'"", ""'small'""], [""'large'"", ""'small'""], [""'large'"", ""'small'""], [""'large'"", ""'small'""], [""'large'"", ""'small'""], [""'neither'"", ""'small'""], [""'small'"", ""'large'""], [""'small'"", ""'large'""]]",ffffffpp,❌❌❌❌❌❌✅✅,[],"[[""'large'"", ""'small'""], [""'large'"", ""'small'""], [""'large'"", ""'small'""], [""'large'"", ""'small'""], [""'large'"", ""'small'""], [""'neither'"", ""'large'""]]"
large,house,,-100,-1,✅✅✅✅✅✅✅✅,pppppppp,input/codex/small_or_large/240.txt,[],[],fffppppp,❌❌❌✅✅✅✅✅,[],"[[""None"", ""'large'""], [""'house'"", ""'large'""], [""'house'"", ""None""]]",ffffffff,❌❌❌❌❌❌❌❌,[],"[[""None"", ""'small'""], [""'house'"", ""None""], [""'house'"", ""None""], [""'house'"", ""None""], [""'house'"", ""None""], [""'house'"", ""None""], [""'house'"", ""None""], [""'house'"", ""None""]]"
large,house,,-100,2,✅✅✅✅✅✅✅✅,pppppppp,input/codex/small_or_large/241.txt,[],[],pppppppp,✅✅✅✅✅✅✅✅,[],[],ffffffff,❌❌❌❌❌❌❌❌,[],"[[""None"", ""'small'""], [""None"", ""'small'""], [""None"", ""'small'""], [""'house'"", ""None""], [""'house'"", ""None""], [""'house'"", ""None""], [""'house'"", ""None""], [""'house'"", ""None""]]"
large,house,,-100,15,✅✅✅✅✅✅✅✅,pppppppp,input/codex/small_or_large/242.txt,[],[],ffppffff,❌❌✅✅❌❌❌❌,[],"[[""None"", ""'small'""], [""None"", ""'small'""], [""'house'"", ""'large'""], [""'house'"", ""'large'""], [""'house'"", ""'large'""], [""'house'"", ""'large'""]]",ffffpppp,❌❌❌❌✅✅✅✅,[],"[[""None"", ""'large'""], [""None"", ""'large'""], [""None"", ""'large'""], [""None"", ""'large'""]]"
large,house,,-100,2000,✅✅✅✅✅✅✅✅,pppppppp,input/codex/small_or_large/243.txt,[],[],ppppppff,✅✅✅✅✅✅❌❌,[],"[[""'house'"", ""'large'""], [""'house'"", ""'large'""]]",ffffffff,❌❌❌❌❌❌❌❌,[],"[[""None"", ""'house'""], [""None"", ""'house'""], [""None"", ""'house'""], [""None"", ""'house'""], [""None"", ""'house'""], [""None"", ""'house'""], [""'house'"", ""None""], [""'house'"", ""None""]]"
large,house,,2,15,✅✅✅✅✅✅✅✅,pppppppp,input/codex/small_or_large/246.txt,[],[],fffpffff,❌❌❌✅❌❌❌❌,[],"[[""'large'"", ""'small'""], [""'large'"", ""'small'""], [""'large'"", ""'small'""], [""'house'"", ""'large'""], [""'house'"", ""'large'""], [""'house'"", ""'large'""], [""'house'"", ""'large'""]]",pppfffff,✅✅✅❌❌❌❌❌,[],"[[""None"", ""'house'""], [""'house'"", ""None""], [""'house'"", ""None""], [""'house'"", ""None""], [""'house'"", ""None""]]"
large,house,,2,2000,✅✅✅✅✅✅✅✅,pppppppp,input/codex/small_or_large/247.txt,[],[],fffpppff,❌❌❌✅✅✅❌❌,[],"[[""'large'"", ""'small'""], [""'large'"", ""'small'""], [""'large'"", ""'small'""], [""'house'"", ""'large'""], [""'house'"", ""'large'""]]",pppfffff,✅✅✅❌❌❌❌❌,[],"[[""None"", ""'house'""], [""None"", ""'house'""], [""None"", ""'house'""], [""'house'"", ""None""], [""'house'"", ""None""]]"
large,house,,10,15,❌❌❌✅❌❌❌❌,fffpffff,input/codex/small_or_large/250.txt,"[[""'large'"", ""'small'""], [""'large'"", ""'small'""], [""'large'"", ""'small'""], [""'house'"", ""'large'""], [""'house'"", ""'large'""], [""'house'"", ""'large'""], [""'house'"", ""'large'""]]",[],fffpffff,❌❌❌✅❌❌❌❌,[],"[[""'large'"", ""'small'""], [""'large'"", ""'small'""], [""'large'"", ""'small'""], [""'house'"", ""'large'""], [""'house'"", ""'large'""], [""'house'"", ""'large'""], [""'house'"", ""'large'""]]",pppfffff,✅✅✅❌❌❌❌❌,[],"[[""None"", ""'house'""], [""'house'"", ""None""], [""'house'"", ""None""], [""'house'"", ""None""], [""'house'"", ""None""]]"
large,house,,10,2000,❌❌❌✅✅✅❌❌,fffpppff,input/codex/small_or_large/251.txt,"[[""'large'"", ""'small'""], [""'large'"", ""'small'""], [""'large'"", ""'small'""], [""'house'"", ""'large'""], [""'house'"", ""'large'""]]",[],fffpppff,❌❌❌✅✅✅❌❌,[],"[[""'large'"", ""'small'""], [""'large'"", ""'small'""], [""'large'"", ""'small'""], [""'house'"", ""'large'""], [""'house'"", ""'large'""]]",pppfffff,✅✅✅❌❌❌❌❌,[],"[[""None"", ""'house'""], [""None"", ""'house'""], [""None"", ""'house'""], [""'house'"", ""None""], [""'house'"", ""None""]]"
large,house,,1000,2000,✅✅✅✅✅✅✅✅,pppppppp,input/codex/small_or_large/255.txt,[],[],pppppppp,✅✅✅✅✅✅✅✅,[],[],pppppfff,✅✅✅✅✅❌❌❌,[],"[[""None"", ""'house'""], [""'house'"", ""None""], [""'house'"", ""None""]]"
large,house,None,-100,-1,✅✅✅✅✅✅✅✅,pppppppp,input/codex/small_or_large/256.txt,[],[],ffpppppp,❌❌✅✅✅✅✅✅,[],"[[""'None'"", ""'large'""], [""'house'"", ""'large'""]]",ffffffff,❌❌❌❌❌❌❌❌,[],"[[""'None'"", ""'small'""], [""'house'"", ""None""], [""'house'"", ""None""], [""'house'"", ""None""], [""'house'"", ""None""], [""'house'"", ""None""], [""'house'"", ""None""], [""'house'"", ""None""]]"
large,house,None,-100,2,✅✅✅✅✅✅✅✅,pppppppp,input/codex/small_or_large/257.txt,[],[],fffppppp,❌❌❌✅✅✅✅✅,[],"[[""'None'"", ""None""], [""'None'"", ""None""], [""'None'"", ""None""]]",ffffffff,❌❌❌❌❌❌❌❌,[],"[[""'None'"", ""'small'""], [""'None'"", ""'small'""], [""'None'"", ""'small'""], [""'house'"", ""None""], [""'house'"", ""None""], [""'house'"", ""None""], [""'house'"", ""None""], [""'house'"", ""None""]]"
large,house,None,-100,15,✅✅✅✅✅✅✅✅,pppppppp,input/codex/small_or_large/258.txt,[],[],ffffpppp,❌❌❌❌✅✅✅✅,[],"[[""'None'"", ""None""], [""'None'"", ""None""], [""'None'"", ""None""], [""'None'"", ""None""]]",ffffffff,❌❌❌❌❌❌❌❌,[],"[[""'None'"", ""'small'""], [""'None'"", ""'small'""], [""'None'"", ""'small'""], [""'None'"", ""'small'""], [""'house'"", ""None""], [""'house'"", ""None""], [""'house'"", ""None""], [""'house'"", ""None""]]"
large,house,None,-100,2000,❌❌❌❌❌❌✅✅,ffffffpp,input/codex/small_or_large/259.txt,"[[""'None'"", ""None""], [""'None'"", ""None""], [""'None'"", ""None""], [""'None'"", ""None""], [""'None'"", ""None""], [""'None'"", ""None""]]",[],ffffffff,❌❌❌❌❌❌❌❌,[],"[[""'None'"", ""'small'""], [""'None'"", ""'small'""], [""'None'"", ""None""], [""'None'"", ""None""], [""'None'"", ""None""], [""'None'"", ""None""], [""'house'"", ""'large'""], [""'house'"", ""'large'""]]",ffffffff,❌❌❌❌❌❌❌❌,[],"[[""'None'"", ""'large'""], [""'None'"", ""'large'""], [""'None'"", ""'large'""], [""'None'"", ""'large'""], [""'None'"", ""'large'""], [""'None'"", ""'large'""], [""'house'"", ""'small'""], [""'house'"", ""'small'""]]"
large,house,None,2,15,✅✅✅✅✅✅✅✅,pppppppp,input/codex/small_or_large/262.txt,[],[],ffffffff,❌❌❌❌❌❌❌❌,[],"[[""'large'"", ""'small'""], [""'large'"", ""'small'""], [""'large'"", ""'small'""], [""'None'"", ""None""], [""'house'"", ""'large'""], [""'house'"", ""'large'""], [""'house'"", ""'large'""], [""'house'"", ""'large'""]]",pppfffff,✅✅✅❌❌❌❌❌,[],"[[""'None'"", ""'house'""], [""'house'"", ""None""], [""'house'"", ""None""], [""'house'"", ""None""], [""'house'"", ""None""]]"
large,house,None,2,2000,✅✅✅✅✅✅✅✅,pppppppp,input/codex/small_or_large/263.txt,[],[],ffffffff,❌❌❌❌❌❌❌❌,[],"[[""'large'"", ""'small'""], [""'large'"", ""'small'""], [""'large'"", ""'small'""], [""'None'"", ""None""], [""'None'"", ""None""], [""'None'"", ""None""], [""'house'"", ""'large'""], [""'house'"", ""'large'""]]",pppfffff,✅✅✅❌❌❌❌❌,[],"[[""'None'"", ""'small'""], [""'None'"", ""'small'""], [""'None'"", ""'small'""], [""'house'"", ""None""], [""'house'"", ""None""]]"
large,house,None,10,15,❌❌❌✅❌❌❌❌,fffpffff,input/codex/small_or_large/266.txt,"[[""'large'"", ""'small'""], [""'large'"", ""'small'""], [""'large'"", ""'small'""], [""'house'"", ""'large'""], [""'house'"", ""'large'""], [""'house'"", ""'large'""], [""'house'"", ""'large'""]]",[],ffffffff,❌❌❌❌❌❌❌❌,[],"[[""'large'"", ""'small'""], [""'large'"", ""'small'""], [""'large'"", ""'small'""], [""'None'"", ""None""], [""'house'"", ""'large'""], [""'house'"", ""'large'""], [""'house'"", ""'large'""], [""'house'"", ""'large'""]]",pppfffff,✅✅✅❌❌❌❌❌,[],"[[""'None'"", ""'house'""], [""'house'"", ""None""], [""'house'"", ""None""], [""'house'"", ""None""], [""'house'"", ""None""]]"
large,house,None,10,2000,❌❌❌✅✅✅❌❌,fffpppff,input/codex/small_or_large/267.txt,"[[""'large'"", ""'small'""], [""'large'"", ""'small'""], [""'large'"", ""'small'""], [""'house'"", ""'large'""], [""'house'"", ""'large'""]]",[],ffffffff,❌❌❌❌❌❌❌❌,[],"[[""'large'"", ""'small'""], [""'large'"", ""'small'""], [""'large'"", ""'small'""], [""'None'"", ""None""], [""'None'"", ""None""], [""'None'"", ""None""], [""'house'"", ""'large'""], [""'house'"", ""'large'""]]",pppfffff,✅✅✅❌❌❌❌❌,[],"[[""'None'"", ""'house'""], [""'None'"", ""'house'""], [""'None'"", ""'house'""], [""'house'"", ""None""], [""'house'"", ""None""]]"
large,house,None,1000,2000,✅✅✅✅✅✅✅✅,pppppppp,input/codex/small_or_large/271.txt,[],[],ffffffff,❌❌❌❌❌❌❌❌,[],"[[""'large'"", ""'small'""], [""'large'"", ""'small'""], [""'large'"", ""'small'""], [""'large'"", ""'small'""], [""'large'"", ""'small'""], [""'None'"", ""None""], [""'house'"", ""'large'""], [""'house'"", ""'large'""]]",pppppfff,✅✅✅✅✅❌❌❌,[],"[[""'None'"", ""'house'""], [""'house'"", ""None""], [""'house'"", ""None""]]"
large,house,neither,-100,-1,✅✅✅✅✅✅✅✅,pppppppp,input/codex/small_or_large/272.txt,[],[],fffppppp,❌❌❌✅✅✅✅✅,[],"[[""'neither'"", ""'large'""], [""'house'"", ""'large'""], [""'house'"", ""'small'""]]",ffffffff,❌❌❌❌❌❌❌❌,[],"[[""'neither'"", ""'small'""], [""'house'"", ""'large'""], [""'house'"", ""'large'""], [""'house'"", ""'large'""], [""'house'"", ""'large'""], [""'house'"", ""'large'""], [""'house'"", ""'large'""], [""'house'"", ""'large'""]]"
large,house,neither,-100,2,✅✅✅✅✅✅✅✅,pppppppp,input/codex/small_or_large/273.txt,[],[],fffppppp,❌❌❌✅✅✅✅✅,[],"[[""'neither'"", ""'small'""], [""'neither'"", ""'small'""], [""'neither'"", ""'small'""]]",ffffffff,❌❌❌❌❌❌❌❌,[],"[[""'neither'"", ""'small'""], [""'neither'"", ""'small'""], [""'neither'"", ""'small'""], [""'house'"", ""'large'""], [""'house'"", ""'large'""], [""'house'"", ""'large'""], [""'house'"", ""'large'""], [""'house'"", ""'large'""]]"
large,house,neither,-100,15,✅✅✅✅✅✅✅✅,pppppppp,input/codex/small_or_large/274.txt,[],[],ffffffff,❌❌❌❌❌❌❌❌,[],"[[""'neither'"", ""'small'""], [""'neither'"", ""'small'""], [""'neither'"", ""'house'""], [""'neither'"", ""'house'""], [""'house'"", ""'large'""], [""'house'"", ""'large'""], [""'house'"", ""'large'""], [""'house'"", ""'large'""]]",ffffffff,❌❌❌❌❌❌❌❌,[],"[[""'neither'"", ""'small'""], [""'neither'"", ""'small'""], [""'neither'"", ""'small'""], [""'neither'"", ""'small'""], [""'house'"", ""'large'""], [""'house'"", ""'large'""], [""'house'"", ""'large'""], [""'house'"", ""'large'""]]"
large,house,neither,-100,2000,✅✅✅✅✅✅✅✅,pppppppp,input/codex/small_or_large/275.txt,[],[],ffffffff,❌❌❌❌❌❌❌❌,[],"[[""'neither'"", ""'house'""], [""'neither'"", ""'house'""], [""'neither'"", ""'house'""], [""'neither'"", ""'house'""], [""'neither'"", ""'house'""], [""'neither'"", ""'house'""], [""'house'"", ""'large'""], [""'house'"", ""'large'""]]",ffffffff,❌❌❌❌❌❌❌❌,[],"[[""'neither'"", ""'small'""], [""'neither'"", ""'small'""], [""'neither'"", ""'small'""], [""'neither'"", ""'small'""], [""'neither'"", ""'small'""], [""'neither'"", ""'small'""], [""'house'"", ""'large'""], [""'house'"", ""'large'""]]"
large,house,neither,2,15,✅✅✅✅✅✅✅✅,pppppppp,input/codex/small_or_large/278.txt,[],[],ffffffff,❌❌❌❌❌❌❌❌,[],"[[""'large'"", ""'small'""], [""'large'"", ""'small'""], [""'large'"", ""'small'""], [""'neither'"", ""'house'""], [""'house'"", ""'large'""], [""'house'"", ""'large'""], [""'house'"", ""'large'""], [""'house'"", ""'large'""]]",pppfffff,✅✅✅❌❌❌❌❌,[],"[[""'neither'"", ""'house'""], [""'house'"", ""'large'""], [""'house'"", ""'large'""], [""'house'"", ""'large'""], [""'house'"", ""'large'""]]"
large,house,neither,2,2000,✅✅✅✅✅✅✅✅,pppppppp,input/codex/small_or_large/279.txt,[],[],ffffffff,❌❌❌❌❌❌❌❌,[],"[[""'large'"", ""'small'""], [""'large'"", ""'small'""], [""'large'"", ""'small'""], [""'neither'"", ""'house'""], [""'neither'"", ""'house'""], [""'neither'"", ""'house'""], [""'house'"", ""'large'""], [""'house'"", ""'large'""]]",pppfffff,✅✅✅❌❌❌❌❌,[],"[[""'neither'"", ""'small'""], [""'neither'"", ""'small'""], [""'neither'"", ""'small'""], [""'house'"", ""'large'""], [""'house'"", ""'large'""]]"
large,house,neither,10,15,❌❌❌✅❌❌❌❌,fffpffff,input/codex/small_or_large/282.txt,"[[""'large'"", ""'small'""], [""'large'"", ""'small'""], [""'large'"", ""'small'""], [""'house'"", ""'large'""], [""'house'"", ""'large'""], [""'house'"", ""'large'""], [""'house'"", ""'large'""]]",[],ffffffff,❌❌❌❌❌❌❌❌,[],"[[""'large'"", ""'small'""], [""'large'"", ""'small'""], [""'large'"", ""'small'""], [""'neither'"", ""'house'""], [""'house'"", ""'large'""], [""'house'"", ""'large'""], [""'house'"", ""'large'""], [""'house'"", ""'large'""]]",pppfffff,✅✅✅❌❌❌❌❌,[],"[[""'neither'"", ""'small'""], [""'house'"", ""'small'""], [""'house'"", ""'small'""], [""'house'"", ""'small'""], [""'house'"", ""'small'""]]"
large,house,neither,10,2000,❌❌❌✅✅✅❌❌,fffpppff,input/codex/small_or_large/283.txt,"[[""'large'"", ""'small'""], [""'large'"", ""'small'""], [""'large'"", ""'small'""], [""'house'"", ""'large'""], [""'house'"", ""'large'""]]",[],ffffffff,❌❌❌❌❌❌❌❌,[],"[[""'large'"", ""'small'""], [""'large'"", ""'small'""], [""'large'"", ""'small'""], [""'neither'"", ""'house'""], [""'neither'"", ""'house'""], [""'neither'"", ""'house'""], [""'house'"", ""'large'""], [""'house'"", ""'large'""]]",pppfffff,✅✅✅❌❌❌❌❌,[],"[[""'neither'"", ""'small'""], [""'neither'"", ""'small'""], [""'neither'"", ""'small'""], [""'house'"", ""'large'""], [""'house'"", ""'large'""]]"
large,house,neither,1000,2000,❌❌❌❌❌✅❌❌,fffffpff,input/codex/small_or_large/287.txt,"[[""'large'"", ""'small'""], [""'large'"", ""'small'""], [""'large'"", ""'small'""], [""'large'"", ""'small'""], [""'large'"", ""'small'""], [""'house'"", ""'large'""], [""'house'"", ""'large'""]]",[],ffffffff,❌❌❌❌❌❌❌❌,[],"[[""'large'"", ""'small'""], [""'large'"", ""'small'""], [""'large'"", ""'small'""], [""'large'"", ""'small'""], [""'large'"", ""'small'""], [""'neither'"", ""'house'""], [""'house'"", ""'large'""], [""'house'"", ""'large'""]]",pppppfff,✅✅✅✅✅❌❌❌,[],"[[""'neither'"", ""'small'""], [""'house'"", ""'large'""], [""'house'"", ""'large'""]]"
mouse,large,,-100,-1,✅✅✅✅✅✅✅✅,pppppppp,input/codex/small_or_large/288.txt,[],[],fffppppp,❌❌❌✅✅✅✅✅,[],"[[""None"", ""'mouse'""], [""'large'"", ""'mouse'""], [""'large'"", ""None""]]",ffffffff,❌❌❌❌❌❌❌❌,[],"[[""None"", ""'large'""], [""'large'"", ""None""], [""'large'"", ""None""], [""'large'"", ""None""], [""'large'"", ""None""], [""'large'"", ""None""], [""'large'"", ""None""], [""'large'"", ""None""]]"
mouse,large,,-100,2,✅✅✅✅✅✅✅✅,pppppppp,input/codex/small_or_large/289.txt,[],[],ffpppppp,❌❌✅✅✅✅✅✅,[],"[[""None"", ""'mouse'""], [""None"", ""'mouse'""]]",ffffffff,❌❌❌❌❌❌❌❌,[],"[[""None"", ""'large'""], [""None"", ""'large'""], [""None"", ""'large'""], [""'large'"", ""None""], [""'large'"", ""None""], [""'large'"", ""None""], [""'large'"", ""None""], [""'large'"", ""None""]]"
mouse,large,,-100,15,✅✅✅✅✅✅✅✅,pppppppp,input/codex/small_or_large/290.txt,[],[],ffpppppp,❌❌✅✅✅✅✅✅,[],"[[""None"", ""'mouse'""], [""None"", ""'mouse'""]]",ffffffff,❌❌❌❌❌❌❌❌,[],"[[""None"", ""'large'""], [""None"", ""'large'""], [""None"", ""'large'""], [""None"", ""'large'""], [""'large'"", ""None""], [""'large'"", ""None""], [""'large'"", ""None""], [""'large'"", ""None""]]"
mouse,large,,-100,2000,✅✅✅✅✅✅✅✅,pppppppp,input/codex/small_or_large/291.txt,[],[],pppppppp,✅✅✅✅✅✅✅✅,[],[],ffffffff,❌❌❌❌❌❌❌❌,[],"[[""None"", ""'large'""], [""None"", ""'large'""], [""None"", ""'large'""], [""None"", ""'large'""], [""None"", ""'large'""], [""None"", ""'large'""], [""'large'"", ""None""], [""'large'"", ""None""]]"
mouse,large,,2,15,✅✅✅✅✅✅✅✅,pppppppp,input/codex/small_or_large/294.txt,[],[],pppppppp,✅✅✅✅✅✅✅✅,[],[],pppfffff,✅✅✅❌❌❌❌❌,[],"[[""None"", ""'large'""], [""'large'"", ""None""], [""'large'"", ""None""], [""'large'"", ""None""], [""'large'"", ""None""]]"
mouse,large,,2,2000,✅✅✅✅✅✅✅✅,pppppppp,input/codex/small_or_large/295.txt,[],[],pppppppp,✅✅✅✅✅✅✅✅,[],[],pppfffff,✅✅✅❌❌❌❌❌,[],"[[""None"", ""'large'""], [""None"", ""'large'""], [""None"", ""'large'""], [""'large'"", ""None""], [""'large'"", ""None""]]"
mouse,large,,10,15,✅✅✅✅✅✅✅✅,pppppppp,input/codex/small_or_large/298.txt,[],[],pppppppp,✅✅✅✅✅✅✅✅,[],[],pppfffff,✅✅✅❌❌❌❌❌,[],"[[""None"", ""'large'""], [""'large'"", ""None""], [""'large'"", ""None""], [""'large'"", ""None""], [""'large'"", ""None""]]"
mouse,large,,10,2000,✅✅✅✅✅✅✅✅,pppppppp,input/codex/small_or_large/299.txt,[],[],pppppppp,✅✅✅✅✅✅✅✅,[],[],pppfffff,✅✅✅❌❌❌❌❌,[],"[[""None"", ""'large'""], [""None"", ""'large'""], [""None"", ""'large'""], [""'large'"", ""None""], [""'large'"", ""None""]]"
mouse,large,,1000,2000,✅✅✅✅✅✅✅✅,pppppppp,input/codex/small_or_large/303.txt,[],[],pppppppp,✅✅✅✅✅✅✅✅,[],[],pppppfff,✅✅✅✅✅❌❌❌,[],"[[""None"", ""'large'""], [""'large'"", ""None""], [""'large'"", ""None""]]"
mouse,large,None,-100,-1,❌✅✅✅✅✅✅✅,fppppppp,input/codex/small_or_large/304.txt,"[[""'None'"", ""None""]]",[],fffppppp,❌❌❌✅✅✅✅✅,[],"[[""'None'"", ""'mouse'""], [""'large'"", ""'mouse'""], [""'large'"", ""None""]]",fppppppp,❌✅✅✅✅✅✅✅,[],"[[""'None'"", ""'mouse'""]]"
mouse,large,None,-100,2,✅✅✅✅✅✅✅✅,pppppppp,input/codex/small_or_large/305.txt,[],[],fffppppp,❌❌❌✅✅✅✅✅,[],"[[""'None'"", ""None""], [""'None'"", ""None""], [""'None'"", ""None""]]",ffffffff,❌❌❌❌❌❌❌❌,[],"[[""'None'"", ""'large'""], [""'None'"", ""'large'""], [""'None'"", ""'large'""], [""'large'"", ""None""], [""'large'"", ""None""], [""'large'"", ""None""], [""'large'"", ""None""], [""'large'"", ""None""]]"
mouse,large,None,-100,15,✅✅✅✅✅✅✅✅,pppppppp,input/codex/small_or_large/306.txt,[],[],ffffpppp,❌❌❌❌✅✅✅✅,[],"[[""'None'"", ""'mouse'""], [""'None'"", ""'mouse'""], [""'None'"", ""None""], [""'None'"", ""None""]]",ffffpppp,❌❌❌❌✅✅✅✅,[],"[[""'None'"", ""'mouse'""], [""'None'"", ""'mouse'""], [""'None'"", ""'mouse'""], [""'None'"", ""'mouse'""]]"
mouse,large,None,-100,2000,✅✅✅✅✅✅✅✅,pppppppp,input/codex/small_or_large/307.txt,[],[],ffffffpp,❌❌❌❌❌❌✅✅,[],"[[""'None'"", ""None""], [""'None'"", ""None""], [""'None'"", ""None""], [""'None'"", ""None""], [""'None'"", ""None""], [""'None'"", ""None""]]",ffffffff,❌❌❌❌❌❌❌❌,[],"[[""'None'"", ""'large'""], [""'None'"", ""'large'""], [""'None'"", ""'large'""], [""'None'"", ""'large'""], [""'None'"", ""'large'""], [""'None'"", ""'large'""], [""'large'"", ""None""], [""'large'"", ""None""]]"
mouse,large,None,2,15,✅✅✅✅✅✅✅✅,pppppppp,input/codex/small_or_large/310.txt,[],[],pppfpppp,✅✅✅❌✅✅✅✅,[],"[[""'None'"", ""None""]]",pppfffff,✅✅✅❌❌❌❌❌,[],"[[""'None'"", ""'large'""], [""'large'"", ""None""], [""'large'"", ""None""], [""'large'"", ""None""], [""'large'"", ""None""]]"
mouse,large,None,2,2000,✅✅✅✅✅✅✅✅,pppppppp,input/codex/small_or_large/311.txt,[],[],pppfffpp,✅✅✅❌❌❌✅✅,[],"[[""'None'"", ""None""], [""'None'"", ""None""], [""'None'"", ""None""]]",pppfffff,✅✅✅❌❌❌❌❌,[],"[[""'None'"", ""'large'""], [""'None'"", ""'large'""], [""'None'"", ""'large'""], [""'large'"", ""None""], [""'large'"", ""None""]]"
mouse,large,None,10,15,✅✅✅❌✅✅✅✅,pppfpppp,input/codex/small_or_large/314.txt,"[[""'None'"", ""None""]]",[],pppfpppp,✅✅✅❌✅✅✅✅,[],"[[""'None'"", ""None""]]",pppfffff,✅✅✅❌❌❌❌❌,[],"[[""'None'"", ""'large'""], [""'large'"", ""None""], [""'large'"", ""None""], [""'large'"", ""None""], [""'large'"", ""None""]]"
mouse,large,None,10,2000,✅✅✅✅✅✅✅✅,pppppppp,input/codex/small_or_large/315.txt,[],[],pppfffpp,✅✅✅❌❌❌✅✅,[],"[[""'None'"", ""None""], [""'None'"", ""None""], [""'None'"", ""None""]]",pppfffff,✅✅✅❌❌❌❌❌,[],"[[""'None'"", ""'large'""], [""'None'"", ""'large'""], [""'None'"", ""'large'""], [""'large'"", ""None""], [""'large'"", ""None""]]"
mouse,large,None,1000,2000,✅✅✅✅✅✅✅✅,pppppppp,input/codex/small_or_large/319.txt,[],[],pppppfpp,✅✅✅✅✅❌✅✅,[],"[[""'None'"", ""None""]]",pppppfff,✅✅✅✅✅❌❌❌,[],"[[""'None'"", ""'large'""], [""'large'"", ""None""], [""'large'"", ""None""]]"
mouse,large,neither,-100,-1,✅✅✅✅✅✅✅✅,pppppppp,input/codex/small_or_large/320.txt,[],[],fpffffff,❌✅❌❌❌❌❌❌,[],"[[""'neither'"", ""'large'""], [""'large'"", ""'small'""], [""'large'"", ""'small'""], [""'large'"", ""'small'""], [""'large'"", ""'small'""], [""'large'"", ""'small'""], [""'large'"", ""'small'""]]",ffffffff,❌❌❌❌❌❌❌❌,[],"[[""'neither'"", ""'large'""], [""'large'"", ""'small'""], [""'large'"", ""'small'""], [""'large'"", ""'small'""], [""'large'"", ""'small'""], [""'large'"", ""'small'""], [""'large'"", ""'small'""], [""'large'"", ""'small'""]]"
mouse,large,neither,-100,2,✅✅✅✅✅✅✅✅,pppppppp,input/codex/small_or_large/321.txt,[],[],fffppppp,❌❌❌✅✅✅✅✅,[],"[[""'neither'"", ""'small'""], [""'neither'"", ""'small'""], [""'neither'"", ""'small'""]]",ffffffff,❌❌❌❌❌❌❌❌,[],"[[""'neither'"", ""'large'""], [""'neither'"", ""'large'""], [""'neither'"", ""'large'""], [""'large'"", ""'small'""], [""'large'"", ""'small'""], [""'large'"", ""'small'""], [""'large'"", ""'small'""], [""'large'"", ""'small'""]]"
mouse,large,neither,-100,15,✅✅✅✅✅✅✅✅,pppppppp,input/codex/small_or_large/322.txt,[],[],ffffpppp,❌❌❌❌✅✅✅✅,[],"[[""'neither'"", ""'mouse'""], [""'neither'"", ""'mouse'""], [""'neither'"", ""'small'""], [""'neither'"", ""'small'""]]",ffffffff,❌❌❌❌❌❌❌❌,[],"[[""'neither'"", ""'large'""], [""'neither'"", ""'large'""], [""'neither'"", ""'large'""], [""'neither'"", ""'large'""], [""'large'"", ""'mouse'""], [""'large'"", ""'mouse'""], [""'large'"", ""'mouse'""], [""'large'"", ""'mouse'""]]"
mouse,large,neither,-100,2000,✅✅✅✅✅✅✅✅,pppppppp,input/codex/small_or_large/323.txt,[],[],ffffffpp,❌❌❌❌❌❌✅✅,[],"[[""'neither'"", ""'mouse'""], [""'neither'"", ""'mouse'""], [""'neither'"", ""'small'""], [""'neither'"", ""'small'""], [""'neither'"", ""'small'""], [""'neither'"", ""'small'""]]",ffffffff,❌❌❌❌❌❌❌❌,[],"[[""'neither'"", ""'large'""], [""'neither'"", ""'large'""], [""'neither'"", ""'large'""], [""'neither'"", ""'large'""], [""'neither'"", ""'large'""], [""'neither'"", ""'large'""], [""'large'"", ""'small'""], [""'large'"", ""'small'""]]"
mouse,large,neither,2,15,✅✅✅✅✅✅✅✅,pppppppp,input/codex/small_or_large/326.txt,[],[],pppfpppp,✅✅✅❌✅✅✅✅,[],"[[""'neither'"", ""'small'""]]",pppfffff,✅✅✅❌❌❌❌❌,[],"[[""'neither'"", ""'large'""], [""'large'"", ""'mouse'""], [""'large'"", ""'mouse'""], [""'large'"", ""'mouse'""], [""'large'"", ""'mouse'""]]"
mouse,large,neither,2,2000,✅✅✅✅✅✅✅✅,pppppppp,input/codex/small_or_large/327.txt,[],[],pppfffpp,✅✅✅❌❌❌✅✅,[],"[[""'neither'"", ""'small'""], [""'neither'"", ""'small'""], [""'neither'"", ""'small'""]]",pppfffff,✅✅✅❌❌❌❌❌,[],"[[""'neither'"", ""'large'""], [""'neither'"", ""'large'""], [""'neither'"", ""'large'""], [""'large'"", ""'small'""], [""'large'"", ""'small'""]]"
mouse,large,neither,10,15,✅✅✅✅✅✅✅✅,pppppppp,input/codex/small_or_large/330.txt,[],[],pppfpppp,✅✅✅❌✅✅✅✅,[],"[[""'neither'"", ""'small'""]]",pppfffff,✅✅✅❌❌❌❌❌,[],"[[""'neither'"", ""'large'""], [""'large'"", ""'mouse'""], [""'large'"", ""'mouse'""], [""'large'"", ""'mouse'""], [""'large'"", ""'mouse'""]]"
mouse,large,neither,10,2000,✅✅✅✅✅✅✅✅,pppppppp,input/codex/small_or_large/331.txt,[],[],pppfffpp,✅✅✅❌❌❌✅✅,[],"[[""'neither'"", ""'small'""], [""'neither'"", ""'small'""], [""'neither'"", ""'small'""]]",pppfffff,✅✅✅❌❌❌❌❌,[],"[[""'neither'"", ""'large'""], [""'neither'"", ""'large'""], [""'neither'"", ""'large'""], [""'large'"", ""'small'""], [""'large'"", ""'small'""]]"
mouse,large,neither,1000,2000,✅✅✅✅✅✅✅✅,pppppppp,input/codex/small_or_large/335.txt,[],[],pppppfpp,✅✅✅✅✅❌✅✅,[],"[[""'neither'"", ""'small'""]]",pppppfff,✅✅✅✅✅❌❌❌,[],"[[""'neither'"", ""'large'""], [""'large'"", ""'small'""], [""'large'"", ""'small'""]]"
mouse,small,,-100,-1,✅✅✅✅✅✅✅✅,pppppppp,input/codex/small_or_large/336.txt,[],[],ffffffff,❌❌❌❌❌❌❌❌,[],"[[""None"", ""'mouse'""], [""'small'"", ""'mouse'""], [""'small'"", ""None""], [""'small'"", ""None""], [""'small'"", ""None""], [""'small'"", ""None""], [""'small'"", ""None""], [""'small'"", ""None""]]",ffffffff,❌❌❌❌❌❌❌❌,[],"[[""None"", ""'small'""], [""'small'"", ""None""], [""'small'"", ""None""], [""'small'"", ""None""], [""'small'"", ""None""], [""'small'"", ""None""], [""'small'"", ""None""], [""'small'"", ""None""]]"
mouse,small,,-100,2,✅✅✅✅✅✅✅✅,pppppppp,input/codex/small_or_large/337.txt,[],[],ffffffff,❌❌❌❌❌❌❌❌,[],"[[""None"", ""'mouse'""], [""None"", ""'mouse'""], [""None"", ""'small'""], [""'small'"", ""None""], [""'small'"", ""None""], [""'small'"", ""None""], [""'small'"", ""None""], [""'small'"", ""None""]]",ffffffff,❌❌❌❌❌❌❌❌,[],"[[""None"", ""'small'""], [""None"", ""'small'""], [""None"", ""'small'""], [""'small'"", ""None""], [""'small'"", ""None""], [""'small'"", ""None""], [""'small'"", ""None""], [""'small'"", ""None""]]"
mouse,small,,-100,15,✅✅✅✅✅✅✅✅,pppppppp,input/codex/small_or_large/338.txt,[],[],ffpppppp,❌❌✅✅✅✅✅✅,[],"[[""None"", ""'mouse'""], [""None"", ""'mouse'""]]",ffffffff,❌❌❌❌❌❌❌❌,[],"[[""None"", ""'small'""], [""None"", ""'small'""], [""None"", ""'small'""], [""None"", ""'small'""], [""'small'"", ""None""], [""'small'"", ""None""], [""'small'"", ""None""], [""'small'"", ""None""]]"
mouse,small,,-100,2000,✅✅✅✅✅✅✅✅,pppppppp,input/codex/small_or_large/339.txt,[],[],pppppppp,✅✅✅✅✅✅✅✅,[],[],ffffffff,❌❌❌❌❌❌❌❌,[],"[[""None"", ""'small'""], [""None"", ""'small'""], [""None"", ""'small'""], [""None"", ""'small'""], [""None"", ""'small'""], [""None"", ""'small'""], [""'small'"", ""None""], [""'small'"", ""None""]]"
mouse,small,,2,15,✅✅✅✅✅✅✅✅,pppppppp,input/codex/small_or_large/342.txt,[],[],ppppffff,✅✅✅✅❌❌❌❌,[],"[[""'small'"", ""'large'""], [""'small'"", ""'large'""], [""'small'"", ""'large'""], [""'small'"", ""'large'""]]",pppfffff,✅✅✅❌❌❌❌❌,[],"[[""None"", ""'small'""], [""'small'"", ""None""], [""'small'"", ""None""], [""'small'"", ""None""], [""'small'"", ""None""]]"
mouse,small,,2,2000,✅✅✅✅✅✅✅✅,pppppppp,input/codex/small_or_large/343.txt,[],[],pppppppp,✅✅✅✅✅✅✅✅,[],[],pppfffff,✅✅✅❌❌❌❌❌,[],"[[""None"", ""'small'""], [""None"", ""'small'""], [""None"", ""'small'""], [""'small'"", ""None""], [""'small'"", ""None""]]"
mouse,small,,10,15,✅✅✅✅✅✅✅✅,pppppppp,input/codex/small_or_large/346.txt,[],[],pppppppp,✅✅✅✅✅✅✅✅,[],[],pppfffff,✅✅✅❌❌❌❌❌,[],"[[""None"", ""'small'""], [""'small'"", ""None""], [""'small'"", ""None""], [""'small'"", ""None""], [""'small'"", ""None""]]"
mouse,small,,10,2000,✅✅✅✅✅✅✅✅,pppppppp,input/codex/small_or_large/347.txt,[],[],pppppppp,✅✅✅✅✅✅✅✅,[],[],pppfffff,✅✅✅❌❌❌❌❌,[],"[[""None"", ""'small'""], [""None"", ""'small'""], [""None"", ""'small'""], [""'small'"", ""None""], [""'small'"", ""None""]]"
mouse,small,,1000,2000,✅✅✅✅✅✅✅✅,pppppppp,input/codex/small_or_large/351.txt,[],[],pppppppp,✅✅✅✅✅✅✅✅,[],[],pppppfff,✅✅✅✅✅❌❌❌,[],"[[""None"", ""'small'""], [""'small'"", ""None""], [""'small'"", ""None""]]"
mouse,small,None,-100,-1,❌✅✅✅✅✅✅✅,fppppppp,input/codex/small_or_large/352.txt,"[[""'None'"", ""None""]]",[],ffpppppp,❌❌✅✅✅✅✅✅,[],"[[""'None'"", ""'mouse'""], [""'small'"", ""'mouse'""]]",ffffffff,❌❌❌❌❌❌❌❌,[],"[[""'None'"", ""'small'""], [""'small'"", ""None""], [""'small'"", ""None""], [""'small'"", ""None""], [""'small'"", ""None""], [""'small'"", ""None""], [""'small'"", ""None""], [""'small'"", ""None""]]"
mouse,small,None,-100,2,❌❌❌✅✅✅✅✅,fffppppp,input/codex/small_or_large/353.txt,"[[""'None'"", ""None""], [""'None'"", ""None""], [""'None'"", ""None""]]",[],ffffffff,❌❌❌❌❌❌❌❌,[],"[[""'None'"", ""'mouse'""], [""'None'"", ""'mouse'""], [""'None'"", ""'small'""], [""'small'"", ""None""], [""'small'"", ""None""], [""'small'"", ""None""], [""'small'"", ""None""], [""'small'"", ""None""]]",ffffffff,❌❌❌❌❌❌❌❌,[],"[[""'None'"", ""'small'""], [""'None'"", ""'small'""], [""'None'"", ""'small'""], [""'small'"", ""None""], [""'small'"", ""None""], [""'small'"", ""None""], [""'small'"", ""None""], [""'small'"", ""None""]]"
mouse,small,None,-100,15,❌❌❌❌✅✅✅✅,ffffpppp,input/codex/small_or_large/354.txt,"[[""'None'"", ""None""], [""'None'"", ""None""], [""'None'"", ""None""], [""'None'"", ""None""]]",[],ffffpppp,❌❌❌❌✅✅✅✅,[],"[[""'None'"", ""None""], [""'None'"", ""None""], [""'None'"", ""None""], [""'None'"", ""None""]]",ffffffff,❌❌❌❌❌❌❌❌,[],"[[""'None'"", ""'small'""], [""'None'"", ""'small'""], [""'None'"", ""'small'""], [""'None'"", ""'small'""], [""'small'"", ""None""], [""'small'"", ""None""], [""'small'"", ""None""], [""'small'"", ""None""]]"
mouse,small,None,-100,2000,✅✅✅✅✅✅✅✅,pppppppp,input/codex/small_or_large/355.txt,[],[],ffffffpp,❌❌❌❌❌❌✅✅,[],"[[""'None'"", ""'mouse'""], [""'None'"", ""'mouse'""], [""'None'"", ""None""], [""'None'"", ""None""], [""'None'"", ""None""], [""'None'"", ""None""]]",ffffffff,❌❌❌❌❌❌❌❌,[],"[[""'None'"", ""'small'""], [""'None'"", ""'small'""], [""'None'"", ""'small'""], [""'None'"", ""'small'""], [""'None'"", ""'small'""], [""'None'"", ""'small'""], [""'small'"", ""None""], [""'small'"", ""None""]]"
mouse,small,None,2,15,✅✅✅✅✅✅✅✅,pppppppp,input/codex/small_or_large/358.txt,[],[],pppfffff,✅✅✅❌❌❌❌❌,[],"[[""'None'"", ""None""], [""'small'"", ""'large'""], [""'small'"", ""'large'""], [""'small'"", ""'large'""], [""'small'"", ""'large'""]]",pppfffff,✅✅✅❌❌❌❌❌,[],"[[""'None'"", ""'small'""], [""'small'"", ""None""], [""'small'"", ""None""], [""'small'"", ""None""], [""'small'"", ""None""]]"
mouse,small,None,2,2000,✅✅✅❌❌❌✅✅,pppfffpp,input/codex/small_or_large/359.txt,"[[""'None'"", ""None""], [""'None'"", ""None""], [""'None'"", ""None""]]",[],pppfffff,✅✅✅❌❌❌❌❌,[],"[[""'None'"", ""None""], [""'None'"", ""None""], [""'None'"", ""None""], [""'small'"", ""'large'""], [""'small'"", ""'large'""]]",pppfffff,✅✅✅❌❌❌❌❌,[],"[[""'None'"", ""'small'""], [""'None'"", ""'small'""], [""'None'"", ""'small'""], [""'small'"", ""None""], [""'small'"", ""None""]]"
mouse,small,None,10,15,✅✅✅✅✅✅✅✅,pppppppp,input/codex/small_or_large/362.txt,[],[],pppfffff,✅✅✅❌❌❌❌❌,[],"[[""'None'"", ""None""], [""'small'"", ""'large'""], [""'small'"", ""'large'""], [""'small'"", ""'large'""], [""'small'"", ""'large'""]]",pppfffff,✅✅✅❌❌❌❌❌,[],"[[""'None'"", ""'small'""], [""'small'"", ""None""], [""'small'"", ""None""], [""'small'"", ""None""], [""'small'"", ""None""]]"
mouse,small,None,10,2000,✅✅✅❌❌❌✅✅,pppfffpp,input/codex/small_or_large/363.txt,"[[""'None'"", ""None""], [""'None'"", ""None""], [""'None'"", ""None""]]",[],pppfffff,✅✅✅❌❌❌❌❌,[],"[[""'None'"", ""None""], [""'None'"", ""None""], [""'None'"", ""None""], [""'small'"", ""'large'""], [""'small'"", ""'large'""]]",pppfffff,✅✅✅❌❌❌❌❌,[],"[[""'None'"", ""'small'""], [""'None'"", ""'small'""], [""'None'"", ""'small'""], [""'small'"", ""None""], [""'small'"", ""None""]]"
mouse,small,None,1000,2000,✅✅✅✅✅❌✅✅,pppppfpp,input/codex/small_or_large/367.txt,"[[""'None'"", ""None""]]",[],pppppfpp,✅✅✅✅✅❌✅✅,[],"[[""'None'"", ""None""]]",pppppfff,✅✅✅✅✅❌❌❌,[],"[[""'None'"", ""'small'""], [""'small'"", ""None""], [""'small'"", ""None""]]"
mouse,small,neither,-100,-1,✅✅✅✅✅✅✅✅,pppppppp,input/codex/small_or_large/368.txt,[],[],fffppppp,❌❌❌✅✅✅✅✅,[],"[[""'neither'"", ""'mouse'""], [""'small'"", ""'mouse'""], [""'small'"", ""'large'""]]",ffffffff,❌❌❌❌❌❌❌❌,[],"[[""'neither'"", ""'small'""], [""'small'"", ""'large'""], [""'small'"", ""'large'""], [""'small'"", ""'large'""], [""'small'"", ""'large'""], [""'small'"", ""'large'""], [""'small'"", ""'large'""], [""'small'"", ""'large'""]]"
mouse,small,neither,-100,2,✅✅✅✅✅✅✅✅,pppppppp,input/codex/small_or_large/369.txt,[],[],ffffffff,❌❌❌❌❌❌❌❌,[],"[[""'neither'"", ""'mouse'""], [""'neither'"", ""'mouse'""], [""'neither'"", ""'small'""], [""'small'"", ""'large'""], [""'small'"", ""'large'""], [""'small'"", ""'large'""], [""'small'"", ""'large'""], [""'small'"", ""'large'""]]",ffffffff,❌❌❌❌❌❌❌❌,[],"[[""'neither'"", ""'small'""], [""'neither'"", ""'small'""], [""'neither'"", ""'small'""], [""'small'"", ""'large'""], [""'small'"", ""'large'""], [""'small'"", ""'large'""], [""'small'"", ""'large'""], [""'small'"", ""'large'""]]"
mouse,small,neither,-100,15,✅✅✅✅✅✅✅✅,pppppppp,input/codex/small_or_large/370.txt,[],[],ffffpppp,❌❌❌❌✅✅✅✅,[],"[[""'neither'"", ""'large'""], [""'neither'"", ""'large'""], [""'neither'"", ""'large'""], [""'neither'"", ""'large'""]]",ffffffff,❌❌❌❌❌❌❌❌,[],"[[""'neither'"", ""'small'""], [""'neither'"", ""'small'""], [""'neither'"", ""'small'""], [""'neither'"", ""'small'""], [""'small'"", ""'large'""], [""'small'"", ""'large'""], [""'small'"", ""'large'""], [""'small'"", ""'large'""]]"
mouse,small,neither,-100,2000,✅✅✅✅✅✅✅✅,pppppppp,input/codex/small_or_large/371.txt,[],[],ffffffpp,❌❌❌❌❌❌✅✅,[],"[[""'neither'"", ""'large'""], [""'neither'"", ""'large'""], [""'neither'"", ""'large'""], [""'neither'"", ""'large'""], [""'neither'"", ""'large'""], [""'neither'"", ""'large'""]]",ffffffff,❌❌❌❌❌❌❌❌,[],"[[""'neither'"", ""'small'""], [""'neither'"", ""'small'""], [""'neither'"", ""'small'""], [""'neither'"", ""'small'""], [""'neither'"", ""'small'""], [""'neither'"", ""'small'""], [""'small'"", ""'large'""], [""'small'"", ""'large'""]]"
mouse,small,neither,2,15,✅✅✅✅✅✅✅✅,pppppppp,input/codex/small_or_large/374.txt,[],[],pppfpppp,✅✅✅❌✅✅✅✅,[],"[[""'neither'"", ""'large'""]]",pppfffff,✅✅✅❌❌❌❌❌,[],"[[""'neither'"", ""'small'""], [""'small'"", ""'large'""], [""'small'"", ""'large'""], [""'small'"", ""'large'""], [""'small'"", ""'large'""]]"
mouse,small,neither,2,2000,✅✅✅✅✅✅✅✅,pppppppp,input/codex/small_or_large/375.txt,[],[],pppfffpp,✅✅✅❌❌❌✅✅,[],"[[""'neither'"", ""'large'""], [""'neither'"", ""'large'""], [""'neither'"", ""'large'""]]",pppfffff,✅✅✅❌❌❌❌❌,[],"[[""'neither'"", ""'small'""], [""'neither'"", ""'small'""], [""'neither'"", ""'small'""], [""'small'"", ""'large'""], [""'small'"", ""'large'""]]"
mouse,small,neither,10,15,✅✅✅✅✅✅✅✅,pppppppp,input/codex/small_or_large/378.txt,[],[],pppfpppp,✅✅✅❌✅✅✅✅,[],"[[""'neither'"", ""'large'""]]",pppfffff,✅✅✅❌❌❌❌❌,[],"[[""'neither'"", ""'small'""], [""'small'"", ""'large'""], [""'small'"", ""'large'""], [""'small'"", ""'large'""], [""'small'"", ""'large'""]]"
mouse,small,neither,10,2000,✅✅✅✅✅✅✅✅,pppppppp,input/codex/small_or_large/379.txt,[],[],pppfffpp,✅✅✅❌❌❌✅✅,[],"[[""'neither'"", ""'large'""], [""'neither'"", ""'large'""], [""'neither'"", ""'large'""]]",pppfffff,✅✅✅❌❌❌❌❌,[],"[[""'neither'"", ""'small'""], [""'neither'"", ""'small'""], [""'neither'"", ""'small'""], [""'small'"", ""'large'""], [""'small'"", ""'large'""]]"
mouse,small,neither,1000,2000,✅✅✅✅✅✅✅✅,pppppppp,input/codex/small_or_large/383.txt,[],[],pppppfpp,✅✅✅✅✅❌✅✅,[],"[[""'neither'"", ""'large'""]]",pppppfff,✅✅✅✅✅❌❌❌,[],"[[""'neither'"", ""'small'""], [""'small'"", ""'large'""], [""'small'"", ""'large'""]]"
mouse,house,,-100,-1,✅✅✅✅✅✅✅✅,pppppppp,input/codex/small_or_large/384.txt,[],[],fffppppp,❌❌❌✅✅✅✅✅,[],"[[""None"", ""'mouse'""], [""'house'"", ""'mouse'""], [""'house'"", ""None""]]",ffffffff,❌❌❌❌❌❌❌❌,[],"[[""None"", ""'house'""], [""'house'"", ""None""], [""'house'"", ""None""], [""'house'"", ""None""], [""'house'"", ""None""], [""'house'"", ""None""], [""'house'"", ""None""], [""'house'"", ""None""]]"
mouse,house,,-100,2,✅✅✅✅✅✅✅✅,pppppppp,input/codex/small_or_large/385.txt,[],[],ffpppppp,❌❌✅✅✅✅✅✅,[],"[[""None"", ""'mouse'""], [""None"", ""'mouse'""]]",ffffffff,❌❌❌❌❌❌❌❌,[],"[[""None"", ""'house'""], [""None"", ""'house'""], [""None"", ""'house'""], [""'house'"", ""None""], [""'house'"", ""None""], [""'house'"", ""None""], [""'house'"", ""None""], [""'house'"", ""None""]]"
mouse,house,,-100,15,✅✅✅✅✅✅✅✅,pppppppp,input/codex/small_or_large/386.txt,[],[],ffpppppp,❌❌✅✅✅✅✅✅,[],"[[""None"", ""'mouse'""], [""None"", ""'mouse'""]]",ffffffff,❌❌❌❌❌❌❌❌,[],"[[""None"", ""'house'""], [""None"", ""'house'""], [""None"", ""'house'""], [""None"", ""'house'""], [""'house'"", ""None""], [""'house'"", ""None""], [""'house'"", ""None""], [""'house'"", ""None""]]"
mouse,house,,-100,2000,✅✅✅✅✅✅✅✅,pppppppp,input/codex/small_or_large/387.txt,[],[],pppppppp,✅✅✅✅✅✅✅✅,[],[],ffffffff,❌❌❌❌❌❌❌❌,[],"[[""None"", ""'house'""], [""None"", ""'house'""], [""None"", ""'house'""], [""None"", ""'house'""], [""None"", ""'house'""], [""None"", ""'house'""], [""'house'"", ""None""], [""'house'"", ""None""]]"
mouse,house,,2,15,✅✅✅✅✅✅✅✅,pppppppp,input/codex/small_or_large/390.txt,[],[],pppppppp,✅✅✅✅✅✅✅✅,[],[],pppfffff,✅✅✅❌❌❌❌❌,[],"[[""None"", ""'house'""], [""'house'"", ""None""], [""'house'"", ""None""], [""'house'"", ""None""], [""'house'"", ""None""]]"
mouse,house,,2,2000,✅✅✅✅✅✅✅✅,pppppppp,input/codex/small_or_large/391.txt,[],[],pppppppp,✅✅✅✅✅✅✅✅,[],[],pppfffff,✅✅✅❌❌❌❌❌,[],"[[""None"", ""'house'""], [""None"", ""'house'""], [""None"", ""'house'""], [""'house'"", ""None""], [""'house'"", ""None""]]"
mouse,house,,10,15,✅✅✅✅✅✅✅✅,pppppppp,input/codex/small_or_large/394.txt,[],[],pppppppp,✅✅✅✅✅✅✅✅,[],[],pppfffff,✅✅✅❌❌❌❌❌,[],"[[""None"", ""'house'""], [""'house'"", ""None""], [""'house'"", ""None""], [""'house'"", ""None""], [""'house'"", ""None""]]"
mouse,house,,10,2000,✅✅✅✅✅✅✅✅,pppppppp,input/codex/small_or_large/395.txt,[],[],pppppppp,✅✅✅✅✅✅✅✅,[],[],pppfffff,✅✅✅❌❌❌❌❌,[],"[[""None"", ""'house'""], [""None"", ""'house'""], [""None"", ""'house'""], [""'house'"", ""None""], [""'house'"", ""None""]]"
mouse,house,,1000,2000,✅✅✅✅✅✅✅✅,pppppppp,input/codex/small_or_large/399.txt,[],[],pppppppp,✅✅✅✅✅✅✅✅,[],[],pppppfff,✅✅✅✅✅❌❌❌,[],"[[""None"", ""'house'""], [""'house'"", ""None""], [""'house'"", ""None""]]"
mouse,house,None,-100,-1,✅✅✅✅✅✅✅✅,pppppppp,input/codex/small_or_large/400.txt,[],[],ffpppppp,❌❌✅✅✅✅✅✅,[],"[[""'None'"", ""'mouse'""], [""'house'"", ""'mouse'""]]",ffffffff,❌❌❌❌❌❌❌❌,[],"[[""'None'"", ""'house'""], [""'house'"", ""None""], [""'house'"", ""None""], [""'house'"", ""None""], [""'house'"", ""None""], [""'house'"", ""None""], [""'house'"", ""None""], [""'house'"", ""None""]]"
mouse,house,None,-100,2,✅✅✅✅✅✅✅✅,pppppppp,input/codex/small_or_large/401.txt,[],[],ffffffff,❌❌❌❌❌❌❌❌,[],"[[""'None'"", ""'mouse'""], [""'None'"", ""'mouse'""], [""'None'"", ""'house'""], [""'house'"", ""None""], [""'house'"", ""None""], [""'house'"", ""None""], [""'house'"", ""None""], [""'house'"", ""None""]]",ffffffff,❌❌❌❌❌❌❌❌,[],"[[""'None'"", ""'house'""], [""'None'"", ""'house'""], [""'None'"", ""'house'""], [""'house'"", ""None""], [""'house'"", ""None""], [""'house'"", ""None""], [""'house'"", ""None""], [""'house'"", ""None""]]"
mouse,house,None,-100,15,✅✅✅✅✅✅✅✅,pppppppp,input/codex/small_or_large/402.txt,[],[],ffffpppp,❌❌❌❌✅✅✅✅,[],"[[""'None'"", ""None""], [""'None'"", ""None""], [""'None'"", ""None""], [""'None'"", ""None""]]",ffffffff,❌❌❌❌❌❌❌❌,[],"[[""'None'"", ""'house'""], [""'None'"", ""'house'""], [""'None'"", ""'house'""], [""'None'"", ""'house'""], [""'house'"", ""None""], [""'house'"", ""None""], [""'house'"", ""None""], [""'house'"", ""None""]]"
mouse,house,None,-100,2000,✅✅✅✅✅✅✅✅,pppppppp,input/codex/small_or_large/403.txt,[],[],ffffffpp,❌❌❌❌❌❌✅✅,[],"[[""'None'"", ""None""], [""'None'"", ""None""], [""'None'"", ""None""], [""'None'"", ""None""], [""'None'"", ""None""], [""'None'"", ""None""]]",ffffffff,❌❌❌❌❌❌❌❌,[],"[[""'None'"", ""'house'""], [""'None'"", ""'house'""], [""'None'"", ""'house'""], [""'None'"", ""'house'""], [""'None'"", ""'house'""], [""'None'"", ""'house'""], [""'house'"", ""None""], [""'house'"", ""None""]]"
mouse,house,None,2,15,✅✅✅✅✅✅✅✅,pppppppp,input/codex/small_or_large/406.txt,[],[],pppfpppp,✅✅✅❌✅✅✅✅,[],"[[""'None'"", ""None""]]",pppfffff,✅✅✅❌❌❌❌❌,[],"[[""'None'"", ""'house'""], [""'house'"", ""None""], [""'house'"", ""None""], [""'house'"", ""None""], [""'house'"", ""None""]]"
mouse,house,None,2,2000,✅✅✅✅✅✅✅✅,pppppppp,input/codex/small_or_large/407.txt,[],[],pppfffpp,✅✅✅❌❌❌✅✅,[],"[[""'None'"", ""None""], [""'None'"", ""None""], [""'None'"", ""None""]]",pppfffff,✅✅✅❌❌❌❌❌,[],"[[""'None'"", ""'house'""], [""'None'"", ""'house'""], [""'None'"", ""'house'""], [""'house'"", ""None""], [""'house'"", ""None""]]"
mouse,house,None,10,15,✅✅✅✅✅✅✅✅,pppppppp,input/codex/small_or_large/410.txt,[],[],pppfpppp,✅✅✅❌✅✅✅✅,[],"[[""'None'"", ""None""]]",pppfffff,✅✅✅❌❌❌❌❌,[],"[[""'None'"", ""'house'""], [""'house'"", ""None""], [""'house'"", ""None""], [""'house'"", ""None""], [""'house'"", ""None""]]"
mouse,house,None,10,2000,✅✅✅✅✅✅✅✅,pppppppp,input/codex/small_or_large/411.txt,[],[],pppfffpp,✅✅✅❌❌❌✅✅,[],"[[""'None'"", ""None""], [""'None'"", ""None""], [""'None'"", ""None""]]",pppfffff,✅✅✅❌❌❌❌❌,[],"[[""'None'"", ""'house'""], [""'None'"", ""'house'""], [""'None'"", ""'house'""], [""'house'"", ""None""], [""'house'"", ""None""]]"
mouse,house,None,1000,2000,✅✅✅✅✅✅✅✅,pppppppp,input/codex/small_or_large/415.txt,[],[],pppppfpp,✅✅✅✅✅❌✅✅,[],"[[""'None'"", ""None""]]",pppppfff,✅✅✅✅✅❌❌❌,[],"[[""'None'"", ""'house'""], [""'house'"", ""None""], [""'house'"", ""None""]]"
mouse,house,neither,-100,-1,✅✅✅✅✅✅✅✅,pppppppp,input/codex/small_or_large/416.txt,[],[],fffppppp,❌❌❌✅✅✅✅✅,[],"[[""'neither'"", ""'mouse'""], [""'house'"", ""'mouse'""], [""'house'"", ""'none'""]]",ffffffff,❌❌❌❌❌❌❌❌,[],"[[""'neither'"", ""'house'""], [""'house'"", ""'large'""], [""'house'"", ""'large'""], [""'house'"", ""'large'""], [""'house'"", ""'large'""], [""'house'"", ""'large'""], [""'house'"", ""'large'""], [""'house'"", ""'large'""]]"
mouse,house,neither,-100,2,✅✅✅✅✅✅✅✅,pppppppp,input/codex/small_or_large/417.txt,[],[],fffppppp,❌❌❌✅✅✅✅✅,[],"[[""'neither'"", ""'none'""], [""'neither'"", ""'none'""], [""'neither'"", ""'none'""]]",ffffffff,❌❌❌❌❌❌❌❌,[],"[[""'neither'"", ""'house'""], [""'neither'"", ""'house'""], [""'neither'"", ""'house'""], [""'house'"", ""'large'""], [""'house'"", ""'large'""], [""'house'"", ""'large'""], [""'house'"", ""'large'""], [""'house'"", ""'large'""]]"
mouse,house,neither,-100,15,✅✅✅✅✅✅✅✅,pppppppp,input/codex/small_or_large/418.txt,[],[],ffffpppp,❌❌❌❌✅✅✅✅,[],"[[""'neither'"", ""'mouse'""], [""'neither'"", ""'mouse'""], [""'neither'"", ""'none'""], [""'neither'"", ""'none'""]]",ffffffff,❌❌❌❌❌❌❌❌,[],"[[""'neither'"", ""'house'""], [""'neither'"", ""'house'""], [""'neither'"", ""'house'""], [""'neither'"", ""'house'""], [""'house'"", ""'large'""], [""'house'"", ""'large'""], [""'house'"", ""'large'""], [""'house'"", ""'large'""]]"
mouse,house,neither,-100,2000,✅✅✅✅✅✅✅✅,pppppppp,input/codex/small_or_large/419.txt,[],[],ffffffpp,❌❌❌❌❌❌✅✅,[],"[[""'neither'"", ""'none'""], [""'neither'"", ""'none'""], [""'neither'"", ""'none'""], [""'neither'"", ""'none'""], [""'neither'"", ""'none'""], [""'neither'"", ""'none'""]]",ffffffff,❌❌❌❌❌❌❌❌,[],"[[""'neither'"", ""'house'""], [""'neither'"", ""'house'""], [""'neither'"", ""'house'""], [""'neither'"", ""'house'""], [""'neither'"", ""'house'""], [""'neither'"", ""'house'""], [""'house'"", ""'large'""], [""'house'"", ""'large'""]]"
mouse,house,neither,2,15,✅✅✅✅✅✅✅✅,pppppppp,input/codex/small_or_large/422.txt,[],[],pppfpppp,✅✅✅❌✅✅✅✅,[],"[[""'neither'"", ""'none'""]]",pppfffff,✅✅✅❌❌❌❌❌,[],"[[""'neither'"", ""'house'""], [""'house'"", ""'large'""], [""'house'"", ""'large'""], [""'house'"", ""'large'""], [""'house'"", ""'large'""]]"
mouse,house,neither,2,2000,✅✅✅✅✅✅✅✅,pppppppp,input/codex/small_or_large/423.txt,[],[],pppfffpp,✅✅✅❌❌❌✅✅,[],"[[""'neither'"", ""'none'""], [""'neither'"", ""'none'""], [""'neither'"", ""'none'""]]",pppfffff,✅✅✅❌❌❌❌❌,[],"[[""'neither'"", ""'house'""], [""'neither'"", ""'house'""], [""'neither'"", ""'house'""], [""'house'"", ""'large'""], [""'house'"", ""'large'""]]"
mouse,house,neither,10,15,✅✅✅✅✅✅✅✅,pppppppp,input/codex/small_or_large/426.txt,[],[],pppfpppp,✅✅✅❌✅✅✅✅,[],"[[""'neither'"", ""'none'""]]",pppfffff,✅✅✅❌❌❌❌❌,[],"[[""'neither'"", ""'house'""], [""'house'"", ""'large'""], [""'house'"", ""'large'""], [""'house'"", ""'large'""], [""'house'"", ""'large'""]]"
mouse,house,neither,10,2000,✅✅✅✅✅✅✅✅,pppppppp,input/codex/small_or_large/427.txt,[],[],pppfffpp,✅✅✅❌❌❌✅✅,[],"[[""'neither'"", ""'none'""], [""'neither'"", ""'none'""], [""'neither'"", ""'none'""]]",pppfffff,✅✅✅❌❌❌❌❌,[],"[[""'neither'"", ""'house'""], [""'neither'"", ""'house'""], [""'neither'"", ""'house'""], [""'house'"", ""'large'""], [""'house'"", ""'large'""]]"
mouse,house,neither,1000,2000,✅✅✅✅✅✅✅✅,pppppppp,input/codex/small_or_large/431.txt,[],[],pppppfpp,✅✅✅✅✅❌✅✅,[],"[[""'neither'"", ""'none'""]]",pppppfff,✅✅✅✅✅❌❌❌,[],"[[""'neither'"", ""'house'""], [""'house'"", ""'large'""], [""'house'"", ""'large'""]]"
