codex_result_emojis,incoder_result_emojis,codeparrot_result_emojis,count,word_count,codex_result,model_input,failed_inputs,failed_inputs,failed_inputs,errors,errors,errors,incoder_result,errors,errors,errors,failed_inputs,failed_inputs,failed_inputs,codeparrot_result,errors,errors,errors,failed_inputs,failed_inputs,failed_inputs
âœ…âœ…âœ…âœ…âœ…âœ…âœ…âœ…âœ…âœ…âœ…âœ…âœ…âœ…,ğŸ’€ğŸ’€ğŸ’€ğŸ’€ğŸ’€ğŸ’€ğŸ’€ğŸ’€ğŸ’€ğŸ’€ğŸ’€ğŸ’€ğŸ’€ğŸ’€,âœ…âœ…âœ…âœ…âœ…âœ…âœ…âœ…âŒâŒâŒâŒâŒâŒ,0,True,pppppppppppppp,input/codex/bitdiff/0.txt,[],[],"[[""False"", ""True""], [""False"", ""True""], [""False"", ""True""], [""False"", ""True""], [""False"", ""True""], [""False"", ""True""]]",[],"[""name 'six' is not defined"", ""name 'six' is not defined"", ""name 'six' is not defined"", ""name 'six' is not defined"", ""name 'six' is not defined"", ""name 'six' is not defined"", ""name 'six' is not defined"", ""name 'six' is not defined"", ""name 'six' is not defined"", ""name 'six' is not defined"", ""name 'six' is not defined"", ""name 'six' is not defined"", ""name 'six' is not defined"", ""name 'six' is not defined""]",[],eeeeeeeeeeeeee,[],"[""name 'six' is not defined"", ""name 'six' is not defined"", ""name 'six' is not defined"", ""name 'six' is not defined"", ""name 'six' is not defined"", ""name 'six' is not defined"", ""name 'six' is not defined"", ""name 'six' is not defined"", ""name 'six' is not defined"", ""name 'six' is not defined"", ""name 'six' is not defined"", ""name 'six' is not defined"", ""name 'six' is not defined"", ""name 'six' is not defined""]",[],[],[],"[[""False"", ""True""], [""False"", ""True""], [""False"", ""True""], [""False"", ""True""], [""False"", ""True""], [""False"", ""True""]]",ppppppppffffff,[],"[""name 'six' is not defined"", ""name 'six' is not defined"", ""name 'six' is not defined"", ""name 'six' is not defined"", ""name 'six' is not defined"", ""name 'six' is not defined"", ""name 'six' is not defined"", ""name 'six' is not defined"", ""name 'six' is not defined"", ""name 'six' is not defined"", ""name 'six' is not defined"", ""name 'six' is not defined"", ""name 'six' is not defined"", ""name 'six' is not defined""]",[],[],[],"[[""False"", ""True""], [""False"", ""True""], [""False"", ""True""], [""False"", ""True""], [""False"", ""True""], [""False"", ""True""]]"
âœ…âœ…âœ…âœ…âœ…âœ…âœ…âœ…âœ…âœ…âœ…âœ…âœ…âœ…,âœ…âœ…âœ…âœ…âœ…âœ…âœ…âœ…âœ…âœ…âœ…âœ…âœ…âœ…,âœ…âœ…âœ…âœ…âœ…âœ…âœ…âœ…âŒâŒâŒâŒâŒâŒ,0,False,pppppppppppppp,input/codex/bitdiff/1.txt,[],[],"[[""False"", ""True""], [""False"", ""True""], [""False"", ""True""], [""False"", ""True""], [""False"", ""True""], [""False"", ""True""]]",[],[],[],pppppppppppppp,[],[],[],[],[],"[[""False"", ""True""], [""False"", ""True""], [""False"", ""True""], [""False"", ""True""], [""False"", ""True""], [""False"", ""True""]]",ppppppppffffff,[],[],[],[],[],"[[""False"", ""True""], [""False"", ""True""], [""False"", ""True""], [""False"", ""True""], [""False"", ""True""], [""False"", ""True""]]"
âœ…âœ…âœ…âœ…âœ…âœ…âœ…âŒâœ…âœ…âœ…âœ…âœ…âœ…,âœ…âŒâŒâŒâŒâŒâŒâœ…âŒâŒâŒâŒâŒâŒ,âŒâŒâŒâŒâŒâŒâŒâœ…âŒâŒâŒâŒâŒâŒ,1,True,pppppppfpppppp,input/codex/bitdiff/2.txt,"[[""False"", ""True""]]","[[""False"", ""3""], [""False"", ""7""], [""False"", ""31""], [""False"", ""2047""], [""False"", ""32767""], [""False"", ""536870911""], [""True"", ""2""], [""False"", ""5""], [""False"", ""10""], [""False"", ""1706""], [""False"", ""10890""], [""False"", ""536608768""]]","[[""True"", ""-1""], [""False"", ""-1""], [""False"", ""-1""], [""False"", ""-1""], [""False"", ""-1""], [""False"", ""-1""], [""False"", ""-1""], [""True"", ""-1""], [""False"", ""-1""], [""False"", ""-1""], [""False"", ""-1""], [""False"", ""-1""], [""False"", ""-1""]]",[],[],[],pffffffpffffff,[],[],[],"[[""False"", ""True""]]","[[""False"", ""3""], [""False"", ""7""], [""False"", ""31""], [""False"", ""2047""], [""False"", ""32767""], [""False"", ""536870911""], [""True"", ""2""], [""False"", ""5""], [""False"", ""10""], [""False"", ""1706""], [""False"", ""10890""], [""False"", ""536608768""]]","[[""True"", ""-1""], [""False"", ""-1""], [""False"", ""-1""], [""False"", ""-1""], [""False"", ""-1""], [""False"", ""-1""], [""False"", ""-1""], [""True"", ""-1""], [""False"", ""-1""], [""False"", ""-1""], [""False"", ""-1""], [""False"", ""-1""], [""False"", ""-1""]]",fffffffpffffff,[],[],[],"[[""False"", ""True""]]","[[""False"", ""3""], [""False"", ""7""], [""False"", ""31""], [""False"", ""2047""], [""False"", ""32767""], [""False"", ""536870911""], [""True"", ""2""], [""False"", ""5""], [""False"", ""10""], [""False"", ""1706""], [""False"", ""10890""], [""False"", ""536608768""]]","[[""True"", ""-1""], [""False"", ""-1""], [""False"", ""-1""], [""False"", ""-1""], [""False"", ""-1""], [""False"", ""-1""], [""False"", ""-1""], [""True"", ""-1""], [""False"", ""-1""], [""False"", ""-1""], [""False"", ""-1""], [""False"", ""-1""], [""False"", ""-1""]]"
âœ…âœ…âœ…âœ…âœ…âœ…âœ…âŒâœ…âœ…âœ…âœ…âœ…âœ…,âœ…âŒâŒâŒâŒâŒâŒâœ…âŒâŒâŒâŒâŒâŒ,ğŸ’€ğŸ’€ğŸ’€ğŸ’€ğŸ’€ğŸ’€ğŸ’€ğŸ’€ğŸ’€ğŸ’€ğŸ’€ğŸ’€ğŸ’€ğŸ’€,1,False,pppppppfpppppp,input/codex/bitdiff/3.txt,"[[""False"", ""True""]]","[[""False"", ""3""], [""False"", ""7""], [""False"", ""31""], [""False"", ""2047""], [""False"", ""32767""], [""False"", ""536870911""], [""True"", ""2""], [""False"", ""5""], [""False"", ""10""], [""False"", ""1706""], [""False"", ""10890""], [""False"", ""536608768""]]",[],[],[],"[""'int' object is not subscriptable"", ""'int' object is not subscriptable"", ""'int' object is not subscriptable"", ""'int' object is not subscriptable"", ""'int' object is not subscriptable"", ""'int' object is not subscriptable"", ""'int' object is not subscriptable"", ""'int' object is not subscriptable"", ""'int' object is not subscriptable"", ""'int' object is not subscriptable"", ""'int' object is not subscriptable"", ""'int' object is not subscriptable"", ""'int' object is not subscriptable"", ""'int' object is not subscriptable""]",pffffffpffffff,[],[],"[""'int' object is not subscriptable"", ""'int' object is not subscriptable"", ""'int' object is not subscriptable"", ""'int' object is not subscriptable"", ""'int' object is not subscriptable"", ""'int' object is not subscriptable"", ""'int' object is not subscriptable"", ""'int' object is not subscriptable"", ""'int' object is not subscriptable"", ""'int' object is not subscriptable"", ""'int' object is not subscriptable"", ""'int' object is not subscriptable"", ""'int' object is not subscriptable"", ""'int' object is not subscriptable""]","[[""False"", ""True""]]","[[""False"", ""3""], [""False"", ""7""], [""False"", ""31""], [""False"", ""2047""], [""False"", ""32767""], [""False"", ""536870911""], [""True"", ""2""], [""False"", ""5""], [""False"", ""10""], [""False"", ""1706""], [""False"", ""10890""], [""False"", ""536608768""]]",[],eeeeeeeeeeeeee,[],[],"[""'int' object is not subscriptable"", ""'int' object is not subscriptable"", ""'int' object is not subscriptable"", ""'int' object is not subscriptable"", ""'int' object is not subscriptable"", ""'int' object is not subscriptable"", ""'int' object is not subscriptable"", ""'int' object is not subscriptable"", ""'int' object is not subscriptable"", ""'int' object is not subscriptable"", ""'int' object is not subscriptable"", ""'int' object is not subscriptable"", ""'int' object is not subscriptable"", ""'int' object is not subscriptable""]","[[""False"", ""True""]]","[[""False"", ""3""], [""False"", ""7""], [""False"", ""31""], [""False"", ""2047""], [""False"", ""32767""], [""False"", ""536870911""], [""True"", ""2""], [""False"", ""5""], [""False"", ""10""], [""False"", ""1706""], [""False"", ""10890""], [""False"", ""536608768""]]",[]
âœ…âœ…âœ…âœ…âœ…âœ…âœ…âœ…âœ…âœ…âœ…âœ…âœ…âœ…,âœ…âœ…âŒâŒâŒâŒâŒâœ…âŒâŒâœ…âŒâŒâœ…,âŒâŒâŒâŒâŒâŒâŒâœ…âŒâŒâŒâŒâŒâŒ,2,True,pppppppppppppp,input/codex/bitdiff/4.txt,[],"[[""False"", ""True""], [""False"", ""True""], [""False"", ""True""], [""False"", ""True""], [""False"", ""True""], [""False"", ""True""], [""True"", ""False""], [""False"", ""True""], [""False"", ""True""]]","[[""False"", ""-1""], [""True"", ""-1""], [""False"", ""-1""], [""False"", ""-1""], [""False"", ""-1""], [""False"", ""-1""], [""False"", ""-1""], [""False"", ""-1""], [""True"", ""-1""], [""True"", ""-1""], [""False"", ""-1""], [""False"", ""-1""], [""False"", ""-1""]]",[],[],[],ppfffffpffpffp,[],[],[],[],"[[""False"", ""True""], [""False"", ""True""], [""False"", ""True""], [""False"", ""True""], [""False"", ""True""], [""False"", ""True""], [""True"", ""False""], [""False"", ""True""], [""False"", ""True""]]","[[""False"", ""-1""], [""True"", ""-1""], [""False"", ""-1""], [""False"", ""-1""], [""False"", ""-1""], [""False"", ""-1""], [""False"", ""-1""], [""False"", ""-1""], [""True"", ""-1""], [""True"", ""-1""], [""False"", ""-1""], [""False"", ""-1""], [""False"", ""-1""]]",fffffffpffffff,[],[],[],[],"[[""False"", ""True""], [""False"", ""True""], [""False"", ""True""], [""False"", ""True""], [""False"", ""True""], [""False"", ""True""], [""True"", ""False""], [""False"", ""True""], [""False"", ""True""]]","[[""False"", ""-1""], [""True"", ""-1""], [""False"", ""-1""], [""False"", ""-1""], [""False"", ""-1""], [""False"", ""-1""], [""False"", ""-1""], [""False"", ""-1""], [""True"", ""-1""], [""True"", ""-1""], [""False"", ""-1""], [""False"", ""-1""], [""False"", ""-1""]]"
âœ…âœ…âœ…âœ…âœ…âœ…âœ…âœ…âœ…âœ…âœ…âœ…âœ…âœ…,âœ…âœ…âœ…âœ…âœ…âœ…âœ…âœ…âœ…âœ…âœ…âœ…âœ…âœ…,ğŸ’€ğŸ’€ğŸ’€ğŸ’€ğŸ’€ğŸ’€ğŸ’€ğŸ’€ğŸ’€ğŸ’€ğŸ’€ğŸ’€ğŸ’€ğŸ’€,2,False,pppppppppppppp,input/codex/bitdiff/5.txt,[],[],[],[],[],"[""'int' object is not subscriptable"", ""'int' object is not subscriptable"", ""'int' object is not subscriptable"", ""'int' object is not subscriptable"", ""'int' object is not subscriptable"", ""'int' object is not subscriptable"", ""'int' object is not subscriptable"", ""'int' object is not subscriptable"", ""'int' object is not subscriptable"", ""'int' object is not subscriptable"", ""'int' object is not subscriptable"", ""'int' object is not subscriptable"", ""'int' object is not subscriptable"", ""'int' object is not subscriptable""]",pppppppppppppp,[],[],"[""'int' object is not subscriptable"", ""'int' object is not subscriptable"", ""'int' object is not subscriptable"", ""'int' object is not subscriptable"", ""'int' object is not subscriptable"", ""'int' object is not subscriptable"", ""'int' object is not subscriptable"", ""'int' object is not subscriptable"", ""'int' object is not subscriptable"", ""'int' object is not subscriptable"", ""'int' object is not subscriptable"", ""'int' object is not subscriptable"", ""'int' object is not subscriptable"", ""'int' object is not subscriptable""]",[],[],[],eeeeeeeeeeeeee,[],[],"[""'int' object is not subscriptable"", ""'int' object is not subscriptable"", ""'int' object is not subscriptable"", ""'int' object is not subscriptable"", ""'int' object is not subscriptable"", ""'int' object is not subscriptable"", ""'int' object is not subscriptable"", ""'int' object is not subscriptable"", ""'int' object is not subscriptable"", ""'int' object is not subscriptable"", ""'int' object is not subscriptable"", ""'int' object is not subscriptable"", ""'int' object is not subscriptable"", ""'int' object is not subscriptable""]",[],[],[]
âœ…âœ…âœ…âœ…âœ…âœ…âœ…âœ…âœ…âœ…âœ…âœ…âœ…âœ…,âœ…âœ…âœ…âŒâŒâŒâŒâœ…âœ…âœ…âœ…âœ…âœ…âœ…,ğŸ’€ğŸ’€ğŸ’€ğŸ’€ğŸ’€ğŸ’€ğŸ’€ğŸ’€ğŸ’€ğŸ’€ğŸ’€ğŸ’€ğŸ’€ğŸ’€,3,True,pppppppppppppp,input/codex/bitdiff/6.txt,[],"[[""False"", ""True""], [""False"", ""True""], [""False"", ""True""], [""False"", ""True""]]",[],[],[],"[""'int' object is not subscriptable"", ""'int' object is not subscriptable"", ""'int' object is not subscriptable"", ""'int' object is not subscriptable"", ""'int' object is not subscriptable"", ""'int' object is not subscriptable"", ""'int' object is not subscriptable"", ""'int' object is not subscriptable"", ""'int' object is not subscriptable"", ""'int' object is not subscriptable"", ""'int' object is not subscriptable"", ""'int' object is not subscriptable"", ""'int' object is not subscriptable"", ""'int' object is not subscriptable""]",pppffffppppppp,[],[],"[""'int' object is not subscriptable"", ""'int' object is not subscriptable"", ""'int' object is not subscriptable"", ""'int' object is not subscriptable"", ""'int' object is not subscriptable"", ""'int' object is not subscriptable"", ""'int' object is not subscriptable"", ""'int' object is not subscriptable"", ""'int' object is not subscriptable"", ""'int' object is not subscriptable"", ""'int' object is not subscriptable"", ""'int' object is not subscriptable"", ""'int' object is not subscriptable"", ""'int' object is not subscriptable""]",[],"[[""False"", ""True""], [""False"", ""True""], [""False"", ""True""], [""False"", ""True""]]",[],eeeeeeeeeeeeee,[],[],"[""'int' object is not subscriptable"", ""'int' object is not subscriptable"", ""'int' object is not subscriptable"", ""'int' object is not subscriptable"", ""'int' object is not subscriptable"", ""'int' object is not subscriptable"", ""'int' object is not subscriptable"", ""'int' object is not subscriptable"", ""'int' object is not subscriptable"", ""'int' object is not subscriptable"", ""'int' object is not subscriptable"", ""'int' object is not subscriptable"", ""'int' object is not subscriptable"", ""'int' object is not subscriptable""]",[],"[[""False"", ""True""], [""False"", ""True""], [""False"", ""True""], [""False"", ""True""]]",[]
âœ…âœ…âœ…âœ…âœ…âœ…âœ…âœ…âœ…âœ…âœ…âœ…âœ…âœ…,âœ…âœ…âœ…âŒâŒâŒâŒâœ…âœ…âœ…âœ…âœ…âœ…âœ…,ğŸ’€ğŸ’€ğŸ’€ğŸ’€ğŸ’€ğŸ’€ğŸ’€ğŸ’€ğŸ’€ğŸ’€ğŸ’€ğŸ’€ğŸ’€ğŸ’€,3,False,pppppppppppppp,input/codex/bitdiff/7.txt,[],"[[""False"", ""True""], [""False"", ""True""], [""False"", ""True""], [""False"", ""True""]]",[],[],[],"[""'int' object is not subscriptable"", ""'int' object is not subscriptable"", ""'int' object is not subscriptable"", ""'int' object is not subscriptable"", ""'int' object is not subscriptable"", ""'int' object is not subscriptable"", ""'int' object is not subscriptable"", ""'int' object is not subscriptable"", ""'int' object is not subscriptable"", ""'int' object is not subscriptable"", ""'int' object is not subscriptable"", ""'int' object is not subscriptable"", ""'int' object is not subscriptable"", ""'int' object is not subscriptable""]",pppffffppppppp,[],[],"[""'int' object is not subscriptable"", ""'int' object is not subscriptable"", ""'int' object is not subscriptable"", ""'int' object is not subscriptable"", ""'int' object is not subscriptable"", ""'int' object is not subscriptable"", ""'int' object is not subscriptable"", ""'int' object is not subscriptable"", ""'int' object is not subscriptable"", ""'int' object is not subscriptable"", ""'int' object is not subscriptable"", ""'int' object is not subscriptable"", ""'int' object is not subscriptable"", ""'int' object is not subscriptable""]",[],"[[""False"", ""True""], [""False"", ""True""], [""False"", ""True""], [""False"", ""True""]]",[],eeeeeeeeeeeeee,[],[],"[""'int' object is not subscriptable"", ""'int' object is not subscriptable"", ""'int' object is not subscriptable"", ""'int' object is not subscriptable"", ""'int' object is not subscriptable"", ""'int' object is not subscriptable"", ""'int' object is not subscriptable"", ""'int' object is not subscriptable"", ""'int' object is not subscriptable"", ""'int' object is not subscriptable"", ""'int' object is not subscriptable"", ""'int' object is not subscriptable"", ""'int' object is not subscriptable"", ""'int' object is not subscriptable""]",[],"[[""False"", ""True""], [""False"", ""True""], [""False"", ""True""], [""False"", ""True""]]",[]
âœ…âœ…âœ…âœ…âœ…âœ…âœ…âœ…âœ…âœ…âœ…âœ…âœ…âœ…,ğŸ’€ğŸ’€ğŸ’€ğŸ’€ğŸ’€ğŸ’€ğŸ’€ğŸ’€ğŸ’€ğŸ’€ğŸ’€ğŸ’€ğŸ’€ğŸ’€,ğŸ’€ğŸ’€ğŸ’€ğŸ’€ğŸ’€ğŸ’€ğŸ’€ğŸ’€ğŸ’€ğŸ’€ğŸ’€ğŸ’€ğŸ’€ğŸ’€,4,True,pppppppppppppp,input/codex/bitdiff/8.txt,[],[],[],[],"[""'int' object is not iterable"", ""'int' object is not iterable"", ""'int' object is not iterable"", ""'int' object is not iterable"", ""'int' object is not iterable"", ""'int' object is not iterable"", ""'int' object is not iterable"", ""'int' object is not iterable"", ""'int' object is not iterable"", ""'int' object is not iterable"", ""'int' object is not iterable"", ""'int' object is not iterable"", ""'int' object is not iterable"", ""'int' object is not iterable""]","[""'int' object is not subscriptable"", ""'int' object is not subscriptable"", ""'int' object is not subscriptable"", ""'int' object is not subscriptable"", ""'int' object is not subscriptable"", ""'int' object is not subscriptable"", ""'int' object is not subscriptable"", ""'int' object is not subscriptable"", ""'int' object is not subscriptable"", ""'int' object is not subscriptable"", ""'int' object is not subscriptable"", ""'int' object is not subscriptable"", ""'int' object is not subscriptable"", ""'int' object is not subscriptable""]",eeeeeeeeeeeeee,[],"[""'int' object is not iterable"", ""'int' object is not iterable"", ""'int' object is not iterable"", ""'int' object is not iterable"", ""'int' object is not iterable"", ""'int' object is not iterable"", ""'int' object is not iterable"", ""'int' object is not iterable"", ""'int' object is not iterable"", ""'int' object is not iterable"", ""'int' object is not iterable"", ""'int' object is not iterable"", ""'int' object is not iterable"", ""'int' object is not iterable""]","[""'int' object is not subscriptable"", ""'int' object is not subscriptable"", ""'int' object is not subscriptable"", ""'int' object is not subscriptable"", ""'int' object is not subscriptable"", ""'int' object is not subscriptable"", ""'int' object is not subscriptable"", ""'int' object is not subscriptable"", ""'int' object is not subscriptable"", ""'int' object is not subscriptable"", ""'int' object is not subscriptable"", ""'int' object is not subscriptable"", ""'int' object is not subscriptable"", ""'int' object is not subscriptable""]",[],[],[],eeeeeeeeeeeeee,[],"[""'int' object is not iterable"", ""'int' object is not iterable"", ""'int' object is not iterable"", ""'int' object is not iterable"", ""'int' object is not iterable"", ""'int' object is not iterable"", ""'int' object is not iterable"", ""'int' object is not iterable"", ""'int' object is not iterable"", ""'int' object is not iterable"", ""'int' object is not iterable"", ""'int' object is not iterable"", ""'int' object is not iterable"", ""'int' object is not iterable""]","[""'int' object is not subscriptable"", ""'int' object is not subscriptable"", ""'int' object is not subscriptable"", ""'int' object is not subscriptable"", ""'int' object is not subscriptable"", ""'int' object is not subscriptable"", ""'int' object is not subscriptable"", ""'int' object is not subscriptable"", ""'int' object is not subscriptable"", ""'int' object is not subscriptable"", ""'int' object is not subscriptable"", ""'int' object is not subscriptable"", ""'int' object is not subscriptable"", ""'int' object is not subscriptable""]",[],[],[]
âœ…âœ…âœ…âœ…âœ…âœ…âœ…âœ…âœ…âœ…âœ…âœ…âœ…âœ…,âœ…âœ…âœ…âœ…âœ…âœ…âœ…âœ…âœ…âœ…âœ…âœ…âœ…âœ…,ğŸ’€ğŸ’€ğŸ’€ğŸ’€ğŸ’€ğŸ’€ğŸ’€ğŸ’€ğŸ’€ğŸ’€ğŸ’€ğŸ’€ğŸ’€ğŸ’€,4,False,pppppppppppppp,input/codex/bitdiff/9.txt,[],[],[],[],[],"[""'int' object is not subscriptable"", ""'int' object is not subscriptable"", ""'int' object is not subscriptable"", ""'int' object is not subscriptable"", ""'int' object is not subscriptable"", ""'int' object is not subscriptable"", ""'int' object is not subscriptable"", ""'int' object is not subscriptable"", ""'int' object is not subscriptable"", ""'int' object is not subscriptable"", ""'int' object is not subscriptable"", ""'int' object is not subscriptable"", ""'int' object is not subscriptable"", ""'int' object is not subscriptable""]",pppppppppppppp,[],[],"[""'int' object is not subscriptable"", ""'int' object is not subscriptable"", ""'int' object is not subscriptable"", ""'int' object is not subscriptable"", ""'int' object is not subscriptable"", ""'int' object is not subscriptable"", ""'int' object is not subscriptable"", ""'int' object is not subscriptable"", ""'int' object is not subscriptable"", ""'int' object is not subscriptable"", ""'int' object is not subscriptable"", ""'int' object is not subscriptable"", ""'int' object is not subscriptable"", ""'int' object is not subscriptable""]",[],[],[],eeeeeeeeeeeeee,[],[],"[""'int' object is not subscriptable"", ""'int' object is not subscriptable"", ""'int' object is not subscriptable"", ""'int' object is not subscriptable"", ""'int' object is not subscriptable"", ""'int' object is not subscriptable"", ""'int' object is not subscriptable"", ""'int' object is not subscriptable"", ""'int' object is not subscriptable"", ""'int' object is not subscriptable"", ""'int' object is not subscriptable"", ""'int' object is not subscriptable"", ""'int' object is not subscriptable"", ""'int' object is not subscriptable""]",[],[],[]
âœ…âœ…âœ…âœ…âœ…âœ…âœ…âœ…âœ…âœ…âœ…âœ…âœ…âœ…,âŒâŒâŒâœ…âœ…âœ…âœ…âœ…âŒâŒâŒâœ…âœ…âœ…,âŒâŒâŒâŒâŒâŒâŒâœ…âŒâŒâŒâŒâŒâŒ,5,True,pppppppppppppp,input/codex/bitdiff/10.txt,[],"[[""False"", ""True""], [""False"", ""True""], [""False"", ""True""], [""False"", ""True""], [""False"", ""True""], [""False"", ""True""]]","[[""False"", ""-1""], [""False"", ""-1""], [""False"", ""-1""], [""True"", ""-1""], [""False"", ""-1""], [""False"", ""-1""], [""False"", ""-1""], [""False"", ""-1""], [""False"", ""-1""], [""False"", ""-1""], [""False"", ""-1""], [""False"", ""-1""], [""False"", ""-1""]]",[],[],[],fffpppppfffppp,[],[],[],[],"[[""False"", ""True""], [""False"", ""True""], [""False"", ""True""], [""False"", ""True""], [""False"", ""True""], [""False"", ""True""]]","[[""False"", ""-1""], [""False"", ""-1""], [""False"", ""-1""], [""True"", ""-1""], [""False"", ""-1""], [""False"", ""-1""], [""False"", ""-1""], [""False"", ""-1""], [""False"", ""-1""], [""False"", ""-1""], [""False"", ""-1""], [""False"", ""-1""], [""False"", ""-1""]]",fffffffpffffff,[],[],[],[],"[[""False"", ""True""], [""False"", ""True""], [""False"", ""True""], [""False"", ""True""], [""False"", ""True""], [""False"", ""True""]]","[[""False"", ""-1""], [""False"", ""-1""], [""False"", ""-1""], [""True"", ""-1""], [""False"", ""-1""], [""False"", ""-1""], [""False"", ""-1""], [""False"", ""-1""], [""False"", ""-1""], [""False"", ""-1""], [""False"", ""-1""], [""False"", ""-1""], [""False"", ""-1""]]"
âœ…âœ…âœ…âœ…âœ…âœ…âœ…âœ…âœ…âœ…âœ…âœ…âœ…âœ…,ğŸ’€ğŸ’€ğŸ’€ğŸ’€ğŸ’€ğŸ’€ğŸ’€âœ…ğŸ’€ğŸ’€ğŸ’€ğŸ’€ğŸ’€ğŸ’€,âŒâŒâŒâŒâŒâŒâŒâœ…âŒâŒâŒâŒâŒâŒ,5,False,pppppppppppppp,input/codex/bitdiff/11.txt,[],[],"[[""False"", ""-1""], [""False"", ""-1""], [""False"", ""-1""], [""True"", ""-1""], [""False"", ""-1""], [""False"", ""-1""], [""False"", ""-1""], [""False"", ""-1""], [""False"", ""-1""], [""False"", ""-1""], [""False"", ""-1""], [""False"", ""-1""], [""False"", ""-1""]]",[],"[""'int' object is not subscriptable"", ""'int' object is not subscriptable"", ""'int' object is not subscriptable"", ""'int' object is not subscriptable"", ""'int' object is not subscriptable"", ""'int' object is not subscriptable"", ""'int' object is not subscriptable"", ""'int' object is not subscriptable"", ""'int' object is not subscriptable"", ""'int' object is not subscriptable"", ""'int' object is not subscriptable"", ""'int' object is not subscriptable"", ""'int' object is not subscriptable""]",[],eeeeeeepeeeeee,[],"[""'int' object is not subscriptable"", ""'int' object is not subscriptable"", ""'int' object is not subscriptable"", ""'int' object is not subscriptable"", ""'int' object is not subscriptable"", ""'int' object is not subscriptable"", ""'int' object is not subscriptable"", ""'int' object is not subscriptable"", ""'int' object is not subscriptable"", ""'int' object is not subscriptable"", ""'int' object is not subscriptable"", ""'int' object is not subscriptable"", ""'int' object is not subscriptable""]",[],[],[],"[[""False"", ""-1""], [""False"", ""-1""], [""False"", ""-1""], [""True"", ""-1""], [""False"", ""-1""], [""False"", ""-1""], [""False"", ""-1""], [""False"", ""-1""], [""False"", ""-1""], [""False"", ""-1""], [""False"", ""-1""], [""False"", ""-1""], [""False"", ""-1""]]",fffffffpffffff,[],"[""'int' object is not subscriptable"", ""'int' object is not subscriptable"", ""'int' object is not subscriptable"", ""'int' object is not subscriptable"", ""'int' object is not subscriptable"", ""'int' object is not subscriptable"", ""'int' object is not subscriptable"", ""'int' object is not subscriptable"", ""'int' object is not subscriptable"", ""'int' object is not subscriptable"", ""'int' object is not subscriptable"", ""'int' object is not subscriptable"", ""'int' object is not subscriptable""]",[],[],[],"[[""False"", ""-1""], [""False"", ""-1""], [""False"", ""-1""], [""True"", ""-1""], [""False"", ""-1""], [""False"", ""-1""], [""False"", ""-1""], [""False"", ""-1""], [""False"", ""-1""], [""False"", ""-1""], [""False"", ""-1""], [""False"", ""-1""], [""False"", ""-1""]]"
âœ…âœ…âœ…âœ…âœ…âœ…âœ…âœ…âœ…âœ…âœ…âœ…âœ…âœ…,âœ…âœ…âœ…âœ…âœ…âœ…âœ…âœ…âœ…âœ…âœ…âŒâŒâŒ,âŒâŒâŒâŒâŒâŒâŒâœ…âŒâŒâŒâŒâŒâŒ,6,True,pppppppppppppp,input/codex/bitdiff/12.txt,[],"[[""True"", ""False""], [""True"", ""False""], [""False"", ""True""]]","[[""False"", ""-1""], [""False"", ""-1""], [""False"", ""-1""], [""False"", ""-1""], [""False"", ""-1""], [""False"", ""-1""], [""False"", ""-1""], [""False"", ""-1""], [""False"", ""-1""], [""False"", ""-1""], [""True"", ""-1""], [""True"", ""-1""], [""False"", ""-1""]]",[],[],[],pppppppppppfff,[],[],[],[],"[[""True"", ""False""], [""True"", ""False""], [""False"", ""True""]]","[[""False"", ""-1""], [""False"", ""-1""], [""False"", ""-1""], [""False"", ""-1""], [""False"", ""-1""], [""False"", ""-1""], [""False"", ""-1""], [""False"", ""-1""], [""False"", ""-1""], [""False"", ""-1""], [""True"", ""-1""], [""True"", ""-1""], [""False"", ""-1""]]",fffffffpffffff,[],[],[],[],"[[""True"", ""False""], [""True"", ""False""], [""False"", ""True""]]","[[""False"", ""-1""], [""False"", ""-1""], [""False"", ""-1""], [""False"", ""-1""], [""False"", ""-1""], [""False"", ""-1""], [""False"", ""-1""], [""False"", ""-1""], [""False"", ""-1""], [""False"", ""-1""], [""True"", ""-1""], [""True"", ""-1""], [""False"", ""-1""]]"
âœ…âœ…âœ…âœ…âœ…âœ…âœ…âœ…âœ…âœ…âœ…âœ…âœ…âœ…,âœ…âœ…âœ…âœ…âœ…âœ…âœ…âœ…âœ…âœ…âœ…âŒâŒâœ…,âŒâŒâŒâŒâŒâŒâŒâœ…âŒâŒâŒâŒâŒâŒ,6,False,pppppppppppppp,input/codex/bitdiff/13.txt,[],"[[""True"", ""False""], [""True"", ""False""]]","[[""False"", ""-1""], [""False"", ""-1""], [""False"", ""-1""], [""False"", ""-1""], [""False"", ""-1""], [""False"", ""-1""], [""False"", ""-1""], [""False"", ""-1""], [""False"", ""-1""], [""False"", ""-1""], [""True"", ""-1""], [""True"", ""-1""], [""False"", ""-1""]]",[],[],[],pppppppppppffp,[],[],[],[],"[[""True"", ""False""], [""True"", ""False""]]","[[""False"", ""-1""], [""False"", ""-1""], [""False"", ""-1""], [""False"", ""-1""], [""False"", ""-1""], [""False"", ""-1""], [""False"", ""-1""], [""False"", ""-1""], [""False"", ""-1""], [""False"", ""-1""], [""True"", ""-1""], [""True"", ""-1""], [""False"", ""-1""]]",fffffffpffffff,[],[],[],[],"[[""True"", ""False""], [""True"", ""False""]]","[[""False"", ""-1""], [""False"", ""-1""], [""False"", ""-1""], [""False"", ""-1""], [""False"", ""-1""], [""False"", ""-1""], [""False"", ""-1""], [""False"", ""-1""], [""False"", ""-1""], [""False"", ""-1""], [""True"", ""-1""], [""True"", ""-1""], [""False"", ""-1""]]"
âœ…âœ…âœ…âœ…âœ…âœ…âœ…âœ…âœ…âœ…âœ…âœ…âœ…âœ…,ğŸ’€ğŸ’€ğŸ’€ğŸ’€ğŸ’€ğŸ’€ğŸ’€ğŸ’€ğŸ’€ğŸ’€ğŸ’€ğŸ’€ğŸ’€ğŸ’€,âŒâŒâŒâŒâŒâŒâŒâœ…âŒâŒâŒâŒâŒâŒ,11,True,pppppppppppppp,input/codex/bitdiff/14.txt,[],[],"[[""False"", ""-1""], [""False"", ""-1""], [""False"", ""-1""], [""False"", ""-1""], [""True"", ""-1""], [""False"", ""-1""], [""False"", ""-1""], [""False"", ""-1""], [""False"", ""-1""], [""False"", ""-1""], [""False"", ""-1""], [""False"", ""-1""], [""True"", ""-1""]]",[],"[""'int' object is not subscriptable"", ""'int' object is not subscriptable"", ""'int' object is not subscriptable"", ""'int' object is not subscriptable"", ""'int' object is not subscriptable"", ""'int' object is not subscriptable"", ""'int' object is not subscriptable"", ""'int' object is not subscriptable"", ""'int' object is not subscriptable"", ""'int' object is not subscriptable"", ""'int' object is not subscriptable"", ""'int' object is not subscriptable"", ""'int' object is not subscriptable"", ""'int' object is not subscriptable""]",[],eeeeeeeeeeeeee,[],"[""'int' object is not subscriptable"", ""'int' object is not subscriptable"", ""'int' object is not subscriptable"", ""'int' object is not subscriptable"", ""'int' object is not subscriptable"", ""'int' object is not subscriptable"", ""'int' object is not subscriptable"", ""'int' object is not subscriptable"", ""'int' object is not subscriptable"", ""'int' object is not subscriptable"", ""'int' object is not subscriptable"", ""'int' object is not subscriptable"", ""'int' object is not subscriptable"", ""'int' object is not subscriptable""]",[],[],[],"[[""False"", ""-1""], [""False"", ""-1""], [""False"", ""-1""], [""False"", ""-1""], [""True"", ""-1""], [""False"", ""-1""], [""False"", ""-1""], [""False"", ""-1""], [""False"", ""-1""], [""False"", ""-1""], [""False"", ""-1""], [""False"", ""-1""], [""True"", ""-1""]]",fffffffpffffff,[],"[""'int' object is not subscriptable"", ""'int' object is not subscriptable"", ""'int' object is not subscriptable"", ""'int' object is not subscriptable"", ""'int' object is not subscriptable"", ""'int' object is not subscriptable"", ""'int' object is not subscriptable"", ""'int' object is not subscriptable"", ""'int' object is not subscriptable"", ""'int' object is not subscriptable"", ""'int' object is not subscriptable"", ""'int' object is not subscriptable"", ""'int' object is not subscriptable"", ""'int' object is not subscriptable""]",[],[],[],"[[""False"", ""-1""], [""False"", ""-1""], [""False"", ""-1""], [""False"", ""-1""], [""True"", ""-1""], [""False"", ""-1""], [""False"", ""-1""], [""False"", ""-1""], [""False"", ""-1""], [""False"", ""-1""], [""False"", ""-1""], [""False"", ""-1""], [""True"", ""-1""]]"
âœ…âœ…âœ…âœ…âœ…âœ…âœ…âœ…âœ…âœ…âœ…âœ…âœ…âœ…,âœ…âœ…âœ…âœ…âŒâœ…âœ…âœ…âŒâŒâŒâŒâŒâŒ,ğŸ’€ğŸ’€ğŸ’€ğŸ’€ğŸ’€ğŸ’€ğŸ’€ğŸ’€ğŸ’€ğŸ’€ğŸ’€ğŸ’€ğŸ’€ğŸ’€,11,False,pppppppppppppp,input/codex/bitdiff/15.txt,[],"[[""True"", ""0""], [""False"", ""1""], [""False"", ""2""], [""False"", ""4""], [""False"", ""9""], [""False"", ""11""], [""True"", ""11""]]",[],[],[],"[""'int' object is not subscriptable"", ""'int' object is not subscriptable"", ""'int' object is not subscriptable"", ""'int' object is not subscriptable"", ""'int' object is not subscriptable"", ""'int' object is not subscriptable"", ""'int' object is not subscriptable"", ""'int' object is not subscriptable"", ""'int' object is not subscriptable"", ""'int' object is not subscriptable"", ""'int' object is not subscriptable"", ""'int' object is not subscriptable"", ""'int' object is not subscriptable"", ""'int' object is not subscriptable""]",ppppfpppffffff,[],[],"[""'int' object is not subscriptable"", ""'int' object is not subscriptable"", ""'int' object is not subscriptable"", ""'int' object is not subscriptable"", ""'int' object is not subscriptable"", ""'int' object is not subscriptable"", ""'int' object is not subscriptable"", ""'int' object is not subscriptable"", ""'int' object is not subscriptable"", ""'int' object is not subscriptable"", ""'int' object is not subscriptable"", ""'int' object is not subscriptable"", ""'int' object is not subscriptable"", ""'int' object is not subscriptable""]",[],"[[""True"", ""0""], [""False"", ""1""], [""False"", ""2""], [""False"", ""4""], [""False"", ""9""], [""False"", ""11""], [""True"", ""11""]]",[],eeeeeeeeeeeeee,[],[],"[""'int' object is not subscriptable"", ""'int' object is not subscriptable"", ""'int' object is not subscriptable"", ""'int' object is not subscriptable"", ""'int' object is not subscriptable"", ""'int' object is not subscriptable"", ""'int' object is not subscriptable"", ""'int' object is not subscriptable"", ""'int' object is not subscriptable"", ""'int' object is not subscriptable"", ""'int' object is not subscriptable"", ""'int' object is not subscriptable"", ""'int' object is not subscriptable"", ""'int' object is not subscriptable""]",[],"[[""True"", ""0""], [""False"", ""1""], [""False"", ""2""], [""False"", ""4""], [""False"", ""9""], [""False"", ""11""], [""True"", ""11""]]",[]
âœ…âœ…âœ…âœ…âœ…âœ…âœ…âœ…âœ…âœ…âœ…âœ…âœ…âœ…,ğŸ’€ğŸ’€ğŸ’€ğŸ’€ğŸ’€ğŸ’€ğŸ’€ğŸ’€ğŸ’€ğŸ’€ğŸ’€ğŸ’€ğŸ’€ğŸ’€,âŒâŒâŒâŒâŒâŒâŒâœ…âŒâŒâŒâŒâŒâŒ,15,True,pppppppppppppp,input/codex/bitdiff/16.txt,[],[],"[[""False"", ""-1""], [""False"", ""-1""], [""False"", ""-1""], [""False"", ""-1""], [""False"", ""-1""], [""True"", ""-1""], [""False"", ""-1""], [""False"", ""-1""], [""False"", ""-1""], [""False"", ""-1""], [""False"", ""-1""], [""False"", ""-1""], [""False"", ""-1""]]",[],"[""'int' object is not subscriptable"", ""'int' object is not subscriptable"", ""'int' object is not subscriptable"", ""'int' object is not subscriptable"", ""'int' object is not subscriptable"", ""'int' object is not subscriptable"", ""'int' object is not subscriptable"", ""'int' object is not subscriptable"", ""'int' object is not subscriptable"", ""'int' object is not subscriptable"", ""'int' object is not subscriptable"", ""'int' object is not subscriptable"", ""'int' object is not subscriptable"", ""'int' object is not subscriptable""]",[],eeeeeeeeeeeeee,[],"[""'int' object is not subscriptable"", ""'int' object is not subscriptable"", ""'int' object is not subscriptable"", ""'int' object is not subscriptable"", ""'int' object is not subscriptable"", ""'int' object is not subscriptable"", ""'int' object is not subscriptable"", ""'int' object is not subscriptable"", ""'int' object is not subscriptable"", ""'int' object is not subscriptable"", ""'int' object is not subscriptable"", ""'int' object is not subscriptable"", ""'int' object is not subscriptable"", ""'int' object is not subscriptable""]",[],[],[],"[[""False"", ""-1""], [""False"", ""-1""], [""False"", ""-1""], [""False"", ""-1""], [""False"", ""-1""], [""True"", ""-1""], [""False"", ""-1""], [""False"", ""-1""], [""False"", ""-1""], [""False"", ""-1""], [""False"", ""-1""], [""False"", ""-1""], [""False"", ""-1""]]",fffffffpffffff,[],"[""'int' object is not subscriptable"", ""'int' object is not subscriptable"", ""'int' object is not subscriptable"", ""'int' object is not subscriptable"", ""'int' object is not subscriptable"", ""'int' object is not subscriptable"", ""'int' object is not subscriptable"", ""'int' object is not subscriptable"", ""'int' object is not subscriptable"", ""'int' object is not subscriptable"", ""'int' object is not subscriptable"", ""'int' object is not subscriptable"", ""'int' object is not subscriptable"", ""'int' object is not subscriptable""]",[],[],[],"[[""False"", ""-1""], [""False"", ""-1""], [""False"", ""-1""], [""False"", ""-1""], [""False"", ""-1""], [""True"", ""-1""], [""False"", ""-1""], [""False"", ""-1""], [""False"", ""-1""], [""False"", ""-1""], [""False"", ""-1""], [""False"", ""-1""], [""False"", ""-1""]]"
âœ…âœ…âœ…âœ…âœ…âœ…âœ…âœ…âœ…âœ…âœ…âœ…âœ…âœ…,âœ…âœ…âœ…âœ…âœ…âœ…âŒâœ…âœ…âœ…âœ…âœ…âœ…âŒ,âŒâŒâŒâŒâŒâŒâŒâœ…âŒâŒâŒâŒâŒâŒ,15,False,pppppppppppppp,input/codex/bitdiff/17.txt,[],"[[""False"", ""True""], [""False"", ""True""]]","[[""False"", ""-1""], [""False"", ""-1""], [""False"", ""-1""], [""False"", ""-1""], [""False"", ""-1""], [""True"", ""-1""], [""False"", ""-1""], [""False"", ""-1""], [""False"", ""-1""], [""False"", ""-1""], [""False"", ""-1""], [""False"", ""-1""], [""False"", ""-1""]]",[],[],[],ppppppfppppppf,[],[],[],[],"[[""False"", ""True""], [""False"", ""True""]]","[[""False"", ""-1""], [""False"", ""-1""], [""False"", ""-1""], [""False"", ""-1""], [""False"", ""-1""], [""True"", ""-1""], [""False"", ""-1""], [""False"", ""-1""], [""False"", ""-1""], [""False"", ""-1""], [""False"", ""-1""], [""False"", ""-1""], [""False"", ""-1""]]",fffffffpffffff,[],[],[],[],"[[""False"", ""True""], [""False"", ""True""]]","[[""False"", ""-1""], [""False"", ""-1""], [""False"", ""-1""], [""False"", ""-1""], [""False"", ""-1""], [""True"", ""-1""], [""False"", ""-1""], [""False"", ""-1""], [""False"", ""-1""], [""False"", ""-1""], [""False"", ""-1""], [""False"", ""-1""], [""False"", ""-1""]]"
âœ…âœ…âœ…âœ…âœ…âœ…âŒâœ…âœ…âœ…âœ…âœ…âœ…âœ…,âœ…âœ…âœ…âœ…âœ…âœ…âŒâœ…âœ…âœ…âœ…âœ…âœ…âœ…,âŒâŒâŒâŒâŒâŒâŒâœ…âŒâŒâŒâŒâŒâŒ,29,True,ppppppfppppppp,input/codex/bitdiff/18.txt,"[[""True"", ""False""]]","[[""True"", ""False""]]","[[""False"", ""-1""], [""False"", ""-1""], [""False"", ""-1""], [""False"", ""-1""], [""False"", ""-1""], [""False"", ""-1""], [""True"", ""-1""], [""False"", ""-1""], [""False"", ""-1""], [""False"", ""-1""], [""False"", ""-1""], [""False"", ""-1""], [""False"", ""-1""]]",[],[],[],ppppppfppppppp,[],[],[],"[[""True"", ""False""]]","[[""True"", ""False""]]","[[""False"", ""-1""], [""False"", ""-1""], [""False"", ""-1""], [""False"", ""-1""], [""False"", ""-1""], [""False"", ""-1""], [""True"", ""-1""], [""False"", ""-1""], [""False"", ""-1""], [""False"", ""-1""], [""False"", ""-1""], [""False"", ""-1""], [""False"", ""-1""]]",fffffffpffffff,[],[],[],"[[""True"", ""False""]]","[[""True"", ""False""]]","[[""False"", ""-1""], [""False"", ""-1""], [""False"", ""-1""], [""False"", ""-1""], [""False"", ""-1""], [""False"", ""-1""], [""True"", ""-1""], [""False"", ""-1""], [""False"", ""-1""], [""False"", ""-1""], [""False"", ""-1""], [""False"", ""-1""], [""False"", ""-1""]]"
âœ…âœ…âœ…âœ…âœ…âœ…âœ…âœ…âœ…âœ…âœ…âœ…âœ…âœ…,ğŸ’€ğŸ’€ğŸ’€ğŸ’€ğŸ’€ğŸ’€ğŸ’€ğŸ’€ğŸ’€ğŸ’€ğŸ’€ğŸ’€ğŸ’€ğŸ’€,âŒâŒâŒâŒâŒâŒâŒâœ…âŒâŒâŒâŒâŒâŒ,29,False,pppppppppppppp,input/codex/bitdiff/19.txt,[],[],"[[""False"", ""-1""], [""False"", ""-1""], [""False"", ""-1""], [""False"", ""-1""], [""False"", ""-1""], [""False"", ""-1""], [""True"", ""-1""], [""False"", ""-1""], [""False"", ""-1""], [""False"", ""-1""], [""False"", ""-1""], [""False"", ""-1""], [""False"", ""-1""]]",[],"[""'int' object is not iterable"", ""'int' object is not iterable"", ""'int' object is not iterable"", ""'int' object is not iterable"", ""'int' object is not iterable"", ""'int' object is not iterable"", ""'int' object is not iterable"", ""'int' object is not iterable"", ""'int' object is not iterable"", ""'int' object is not iterable"", ""'int' object is not iterable"", ""'int' object is not iterable"", ""'int' object is not iterable"", ""'int' object is not iterable""]",[],eeeeeeeeeeeeee,[],"[""'int' object is not iterable"", ""'int' object is not iterable"", ""'int' object is not iterable"", ""'int' object is not iterable"", ""'int' object is not iterable"", ""'int' object is not iterable"", ""'int' object is not iterable"", ""'int' object is not iterable"", ""'int' object is not iterable"", ""'int' object is not iterable"", ""'int' object is not iterable"", ""'int' object is not iterable"", ""'int' object is not iterable"", ""'int' object is not iterable""]",[],[],[],"[[""False"", ""-1""], [""False"", ""-1""], [""False"", ""-1""], [""False"", ""-1""], [""False"", ""-1""], [""False"", ""-1""], [""True"", ""-1""], [""False"", ""-1""], [""False"", ""-1""], [""False"", ""-1""], [""False"", ""-1""], [""False"", ""-1""], [""False"", ""-1""]]",fffffffpffffff,[],"[""'int' object is not iterable"", ""'int' object is not iterable"", ""'int' object is not iterable"", ""'int' object is not iterable"", ""'int' object is not iterable"", ""'int' object is not iterable"", ""'int' object is not iterable"", ""'int' object is not iterable"", ""'int' object is not iterable"", ""'int' object is not iterable"", ""'int' object is not iterable"", ""'int' object is not iterable"", ""'int' object is not iterable"", ""'int' object is not iterable""]",[],[],[],"[[""False"", ""-1""], [""False"", ""-1""], [""False"", ""-1""], [""False"", ""-1""], [""False"", ""-1""], [""False"", ""-1""], [""True"", ""-1""], [""False"", ""-1""], [""False"", ""-1""], [""False"", ""-1""], [""False"", ""-1""], [""False"", ""-1""], [""False"", ""-1""]]"
