factor1,factor2,result_emojis,result,model_input,failed_inputs,errors
3,5,âœ…âœ…âœ…âœ…âœ…âœ…âœ…âœ…âœ…âœ…âœ…âœ…âœ…âœ…âœ…âœ…âœ…âœ…âœ…âœ…âœ…âœ…âœ…âœ…âœ…âœ…âœ…âœ…âœ…âœ…âœ…âœ…âœ…âœ…âœ…âœ…âœ…âœ…âœ…âœ…âœ…âœ…âœ…âœ…âœ…âœ…âœ…âœ…âœ…âœ…âœ…âœ…âœ…âœ…âœ…âœ…âœ…âœ…âœ…âœ…âœ…âœ…âœ…âœ…âœ…âœ…âœ…âœ…âœ…âœ…âœ…âœ…âœ…âœ…âœ…âœ…âœ…âœ…âœ…âœ…âœ…âœ…âœ…âœ…âœ…âœ…âœ…âœ…âœ…âœ…âœ…âœ…âœ…âœ…âœ…âœ…âœ…âœ…âœ…âœ…âœ…âœ…âœ…âœ…âœ…âœ…âœ…âœ…âœ…âœ…âœ…âœ…âœ…âœ…âœ…âœ…âœ…âœ…âœ…âœ…âœ…âœ…âœ…âœ…âœ…âœ…âœ…,ppppppppppppppppppppppppppppppppppppppppppppppppppppppppppppppppppppppppppppppppppppppppppppppppppppppppppppppppppppppppppppppp,input/codex/fizzbuzz/0.txt,[],[]
3,11,âœ…âœ…âœ…âœ…âœ…âœ…âœ…âœ…âœ…âœ…âœ…âœ…âœ…âœ…âœ…âœ…âœ…âœ…âœ…âœ…âœ…âœ…âœ…âœ…âœ…âœ…âœ…âœ…âœ…âœ…âœ…âœ…âœ…âœ…âœ…âœ…âœ…âœ…âœ…âœ…âœ…âœ…âœ…âœ…âœ…âœ…âœ…âœ…âœ…âœ…âœ…âœ…âœ…âœ…âœ…âœ…âœ…âœ…âœ…âœ…âœ…âœ…âœ…âœ…âœ…âœ…âœ…âœ…âœ…âœ…âœ…âœ…âœ…âœ…âœ…âœ…âœ…âœ…âœ…âœ…âœ…âœ…âœ…âœ…âœ…âœ…âœ…âœ…âœ…âœ…âœ…âœ…âœ…âœ…âœ…âœ…âœ…âœ…âœ…âœ…âœ…âœ…âœ…âœ…âœ…âœ…âœ…âœ…âœ…âœ…âœ…âœ…âœ…âœ…âœ…âœ…âœ…âœ…âœ…âœ…âœ…âœ…âœ…âœ…âœ…âœ…âœ…,ppppppppppppppppppppppppppppppppppppppppppppppppppppppppppppppppppppppppppppppppppppppppppppppppppppppppppppppppppppppppppppppp,input/codex/fizzbuzz/2.txt,[],[]
3,17,âœ…âœ…âœ…âœ…âœ…âœ…âœ…âœ…âœ…âœ…âœ…âœ…âœ…âœ…âœ…âœ…âœ…âœ…âœ…âœ…âœ…âœ…âœ…âœ…âœ…âœ…âœ…âœ…âœ…âœ…âœ…âœ…âœ…âœ…âœ…âœ…âœ…âœ…âœ…âœ…âœ…âœ…âœ…âœ…âœ…âœ…âœ…âœ…âœ…âœ…âœ…âœ…âœ…âœ…âœ…âœ…âœ…âœ…âœ…âœ…âœ…âœ…âœ…âœ…âœ…âœ…âœ…âœ…âœ…âœ…âœ…âœ…âœ…âœ…âœ…âœ…âœ…âœ…âœ…âœ…âœ…âœ…âœ…âœ…âœ…âœ…âœ…âœ…âœ…âœ…âœ…âœ…âœ…âœ…âœ…âœ…âœ…âœ…âœ…âœ…âœ…âœ…âœ…âœ…âœ…âœ…âœ…âœ…âœ…âœ…âœ…âœ…âœ…âœ…âœ…âœ…âœ…âœ…âœ…âœ…âœ…âœ…âœ…âœ…âœ…âœ…âœ…,ppppppppppppppppppppppppppppppppppppppppppppppppppppppppppppppppppppppppppppppppppppppppppppppppppppppppppppppppppppppppppppppp,input/codex/fizzbuzz/3.txt,[],[]
3,23,âœ…âœ…âœ…âœ…âœ…âœ…âœ…âœ…âœ…âœ…âœ…âœ…âœ…âœ…âœ…âœ…âœ…âœ…âœ…âœ…âœ…âœ…âœ…âœ…âœ…âœ…âœ…âœ…âœ…âœ…âœ…âœ…âœ…âœ…âœ…âœ…âœ…âœ…âœ…âœ…âœ…âœ…âœ…âœ…âœ…âœ…âœ…âœ…âœ…âœ…âœ…âœ…âœ…âœ…âœ…âœ…âœ…âœ…âœ…âœ…âœ…âœ…âœ…âœ…âœ…âœ…âœ…âœ…âœ…âœ…âœ…âœ…âœ…âœ…âœ…âœ…âœ…âœ…âœ…âœ…âœ…âœ…âœ…âœ…âœ…âœ…âœ…âœ…âœ…âœ…âœ…âœ…âœ…âœ…âœ…âœ…âœ…âœ…âœ…âœ…âœ…âœ…âœ…âœ…âœ…âœ…âœ…âœ…âœ…âœ…âœ…âœ…âœ…âœ…âœ…âœ…âœ…âœ…âœ…âœ…âœ…âœ…âœ…âœ…âœ…âœ…âœ…,ppppppppppppppppppppppppppppppppppppppppppppppppppppppppppppppppppppppppppppppppppppppppppppppppppppppppppppppppppppppppppppppp,input/codex/fizzbuzz/4.txt,[],[]
3,twenty-three,âœ…âœ…âœ…âœ…âœ…âœ…âœ…âœ…âœ…âœ…âœ…âœ…âœ…âœ…âœ…âœ…âœ…âœ…âœ…âœ…âœ…âœ…âœ…âœ…âœ…âœ…âœ…âœ…âœ…âœ…âœ…âœ…âœ…âœ…âœ…âœ…âœ…âœ…âœ…âœ…âœ…âœ…âœ…âœ…âœ…âœ…âœ…âœ…âœ…âœ…âœ…âœ…âœ…âœ…âœ…âœ…âœ…âœ…âœ…âœ…âœ…âœ…âœ…âœ…âœ…âœ…âœ…âœ…âœ…âœ…âœ…âœ…âœ…âœ…âœ…âœ…âœ…âœ…âœ…âœ…âœ…âœ…âœ…âœ…âœ…âœ…âœ…âœ…âœ…âœ…âœ…âœ…âœ…âœ…âœ…âœ…âœ…âœ…âœ…âœ…âœ…âœ…âœ…âœ…âœ…âœ…âœ…âœ…âœ…âœ…âœ…âœ…âœ…âœ…âœ…âœ…âœ…âœ…âœ…âœ…âœ…âœ…âœ…âœ…âœ…âœ…âœ…,ppppppppppppppppppppppppppppppppppppppppppppppppppppppppppppppppppppppppppppppppppppppppppppppppppppppppppppppppppppppppppppppp,input/codex/fizzbuzz/6.txt,[],[]
4,5,âœ…âœ…âœ…âœ…âœ…âœ…âœ…âœ…âœ…âœ…âœ…âœ…âœ…âœ…âœ…âœ…âœ…âœ…âœ…âœ…âœ…âœ…âœ…âœ…âœ…âœ…âœ…âœ…âœ…âœ…âœ…âœ…âœ…âœ…âœ…âœ…âœ…âœ…âœ…âœ…âœ…âœ…âœ…âœ…âœ…âœ…âœ…âœ…âœ…âœ…âœ…âœ…âœ…âœ…âœ…âœ…âœ…âœ…âœ…âœ…âœ…âœ…âœ…âœ…âœ…âœ…âœ…âœ…âœ…âœ…âœ…âœ…âœ…âœ…âœ…âœ…âœ…âœ…âœ…âœ…âœ…âœ…âœ…âœ…âœ…âœ…âœ…âœ…âœ…âœ…âœ…âœ…âœ…âœ…âœ…âœ…âœ…âœ…âœ…âœ…âœ…âœ…âœ…âœ…âœ…âœ…âœ…âœ…âœ…âœ…âœ…âœ…âœ…âœ…âœ…âœ…âœ…âœ…âœ…âœ…âœ…âœ…âœ…âœ…âœ…âœ…âœ…,ppppppppppppppppppppppppppppppppppppppppppppppppppppppppppppppppppppppppppppppppppppppppppppppppppppppppppppppppppppppppppppppp,input/codex/fizzbuzz/8.txt,[],[]
4,3,âœ…âœ…âœ…âœ…âœ…âœ…âœ…âœ…âœ…âœ…âœ…âœ…âœ…âœ…âœ…âœ…âœ…âœ…âœ…âœ…âœ…âœ…âœ…âœ…âœ…âœ…âœ…âœ…âœ…âœ…âœ…âœ…âœ…âœ…âœ…âœ…âœ…âœ…âœ…âœ…âœ…âœ…âœ…âœ…âœ…âœ…âœ…âœ…âœ…âœ…âœ…âœ…âœ…âœ…âœ…âœ…âœ…âœ…âœ…âœ…âœ…âœ…âœ…âœ…âœ…âœ…âœ…âœ…âœ…âœ…âœ…âœ…âœ…âœ…âœ…âœ…âœ…âœ…âœ…âœ…âœ…âœ…âœ…âœ…âœ…âœ…âœ…âœ…âœ…âœ…âœ…âœ…âœ…âœ…âœ…âœ…âœ…âœ…âœ…âœ…âœ…âœ…âœ…âœ…âœ…âœ…âœ…âœ…âœ…âœ…âœ…âœ…âœ…âœ…âœ…âœ…âœ…âœ…âœ…âœ…âœ…âœ…âœ…âœ…âœ…âœ…âœ…,ppppppppppppppppppppppppppppppppppppppppppppppppppppppppppppppppppppppppppppppppppppppppppppppppppppppppppppppppppppppppppppppp,input/codex/fizzbuzz/9.txt,[],[]
4,11,âœ…âœ…âœ…âœ…âœ…âœ…âœ…âœ…âœ…âœ…âœ…âœ…âœ…âœ…âœ…âœ…âœ…âœ…âœ…âœ…âœ…âœ…âœ…âœ…âœ…âœ…âœ…âœ…âœ…âœ…âœ…âœ…âœ…âœ…âœ…âœ…âœ…âœ…âœ…âœ…âœ…âœ…âœ…âœ…âœ…âœ…âœ…âœ…âœ…âœ…âœ…âœ…âœ…âœ…âœ…âœ…âœ…âœ…âœ…âœ…âœ…âœ…âœ…âœ…âœ…âœ…âœ…âœ…âœ…âœ…âœ…âœ…âœ…âœ…âœ…âœ…âœ…âœ…âœ…âœ…âœ…âœ…âœ…âœ…âœ…âœ…âœ…âœ…âœ…âœ…âœ…âœ…âœ…âœ…âœ…âœ…âœ…âœ…âœ…âœ…âœ…âœ…âœ…âœ…âœ…âœ…âœ…âœ…âœ…âœ…âœ…âœ…âœ…âœ…âœ…âœ…âœ…âœ…âœ…âœ…âœ…âœ…âœ…âœ…âœ…âœ…âœ…,ppppppppppppppppppppppppppppppppppppppppppppppppppppppppppppppppppppppppppppppppppppppppppppppppppppppppppppppppppppppppppppppp,input/codex/fizzbuzz/10.txt,[],[]
4,17,âœ…âœ…âœ…âœ…âœ…âœ…âœ…âœ…âœ…âœ…âœ…âœ…âœ…âœ…âœ…âœ…âœ…âœ…âœ…âœ…âœ…âœ…âœ…âœ…âœ…âœ…âœ…âœ…âœ…âœ…âœ…âœ…âœ…âœ…âœ…âœ…âœ…âœ…âœ…âœ…âœ…âœ…âœ…âœ…âœ…âœ…âœ…âœ…âœ…âœ…âœ…âœ…âœ…âœ…âœ…âœ…âœ…âœ…âœ…âœ…âœ…âœ…âœ…âœ…âœ…âœ…âœ…âœ…âœ…âœ…âœ…âœ…âœ…âœ…âœ…âœ…âœ…âœ…âœ…âœ…âœ…âœ…âœ…âœ…âœ…âœ…âœ…âœ…âœ…âœ…âœ…âœ…âœ…âœ…âœ…âœ…âœ…âœ…âœ…âœ…âœ…âœ…âœ…âœ…âœ…âœ…âœ…âœ…âœ…âœ…âœ…âœ…âœ…âœ…âœ…âœ…âœ…âœ…âœ…âœ…âœ…âœ…âœ…âœ…âœ…âœ…âœ…,ppppppppppppppppppppppppppppppppppppppppppppppppppppppppppppppppppppppppppppppppppppppppppppppppppppppppppppppppppppppppppppppp,input/codex/fizzbuzz/11.txt,[],[]
4,23,âœ…âœ…âœ…âœ…âœ…âœ…âœ…âœ…âœ…âœ…âœ…âœ…âœ…âœ…âœ…âœ…âœ…âœ…âœ…âœ…âœ…âœ…âœ…âœ…âœ…âœ…âœ…âœ…âœ…âœ…âœ…âœ…âœ…âœ…âœ…âœ…âœ…âœ…âœ…âœ…âœ…âœ…âœ…âœ…âœ…âœ…âœ…âœ…âœ…âœ…âœ…âœ…âœ…âœ…âœ…âœ…âœ…âœ…âœ…âœ…âœ…âœ…âœ…âœ…âœ…âœ…âœ…âœ…âœ…âœ…âœ…âœ…âœ…âœ…âœ…âœ…âœ…âœ…âœ…âœ…âœ…âœ…âœ…âœ…âœ…âœ…âœ…âœ…âœ…âœ…âœ…âœ…âœ…âœ…âœ…âœ…âœ…âœ…âœ…âœ…âœ…âœ…âœ…âœ…âœ…âœ…âœ…âœ…âœ…âœ…âœ…âœ…âœ…âœ…âœ…âœ…âœ…âœ…âœ…âœ…âœ…âœ…âœ…âœ…âœ…âœ…âœ…,ppppppppppppppppppppppppppppppppppppppppppppppppppppppppppppppppppppppppppppppppppppppppppppppppppppppppppppppppppppppppppppppp,input/codex/fizzbuzz/12.txt,[],[]
4,twenty-three,âœ…âœ…âœ…âœ…âœ…âœ…âœ…âœ…âœ…âœ…âœ…âœ…âœ…âœ…âœ…âœ…âœ…âœ…âœ…âœ…âœ…âœ…âœ…âœ…âœ…âœ…âœ…âœ…âœ…âœ…âœ…âœ…âœ…âœ…âœ…âœ…âœ…âœ…âœ…âœ…âœ…âœ…âœ…âœ…âœ…âœ…âœ…âœ…âœ…âœ…âœ…âœ…âœ…âœ…âœ…âœ…âœ…âœ…âœ…âœ…âœ…âœ…âœ…âœ…âœ…âœ…âœ…âœ…âœ…âœ…âœ…âœ…âœ…âœ…âœ…âœ…âœ…âœ…âœ…âœ…âœ…âœ…âœ…âœ…âœ…âœ…âœ…âœ…âœ…âœ…âœ…âœ…âœ…âœ…âœ…âœ…âœ…âœ…âœ…âœ…âœ…âœ…âœ…âœ…âœ…âœ…âœ…âœ…âœ…âœ…âœ…âœ…âœ…âœ…âœ…âœ…âœ…âœ…âœ…âœ…âœ…âœ…âœ…âœ…âœ…âœ…âœ…,ppppppppppppppppppppppppppppppppppppppppppppppppppppppppppppppppppppppppppppppppppppppppppppppppppppppppppppppppppppppppppppppp,input/codex/fizzbuzz/14.txt,[],[]
4,a hundred and seventeen,âœ…âœ…âœ…âœ…âœ…âœ…âœ…âœ…âœ…âœ…âœ…âœ…âœ…âœ…âœ…âœ…âœ…âœ…âœ…âœ…âœ…âœ…âœ…âœ…âœ…âœ…âœ…âœ…âœ…âœ…âœ…âœ…âœ…âœ…âœ…âœ…âœ…âœ…âœ…âœ…âœ…âœ…âœ…âœ…âœ…âœ…âœ…âœ…âœ…âœ…âœ…âœ…âœ…âœ…âœ…âœ…âœ…âœ…âœ…âœ…âœ…âœ…âœ…âœ…âœ…âœ…âœ…âœ…âœ…âœ…âœ…âœ…âœ…âœ…âœ…âœ…âœ…âœ…âœ…âœ…âœ…âœ…âœ…âœ…âœ…âœ…âœ…âœ…âœ…âœ…âœ…âœ…âœ…âœ…âœ…âœ…âœ…âœ…âœ…âœ…âœ…âœ…âœ…âœ…âœ…âœ…âœ…âœ…âœ…âœ…âœ…âœ…âœ…âœ…âœ…âœ…âœ…âœ…âœ…âœ…âœ…âœ…âœ…âœ…âœ…âœ…âœ…,ppppppppppppppppppppppppppppppppppppppppppppppppppppppppppppppppppppppppppppppppppppppppppppppppppppppppppppppppppppppppppppppp,input/codex/fizzbuzz/15.txt,[],[]
144546,5,âœ…âœ…âœ…âœ…âœ…âœ…âœ…âœ…âœ…âœ…âœ…âœ…âœ…âœ…âœ…âœ…âœ…âœ…âœ…âœ…âœ…âœ…âœ…âœ…âœ…âœ…âœ…âœ…âœ…âœ…âœ…âœ…âœ…âœ…âœ…âœ…âœ…âœ…âœ…âœ…âœ…âœ…âœ…âœ…âœ…âœ…âœ…âœ…âœ…âœ…âœ…âœ…âœ…âœ…âœ…âœ…âœ…âœ…âœ…âœ…âœ…âœ…âœ…âœ…âœ…âœ…âœ…âœ…âœ…âœ…âœ…âœ…âœ…âœ…âœ…âœ…âœ…âœ…âœ…âœ…âœ…âœ…âœ…âœ…âœ…âœ…âœ…âœ…âœ…âœ…âœ…âœ…âœ…âœ…âœ…âœ…âœ…âœ…âœ…âœ…âœ…âœ…âœ…âœ…âœ…âœ…âœ…âœ…âœ…âœ…âœ…âœ…âœ…âœ…âœ…âœ…âœ…âœ…âœ…âœ…âœ…âœ…âœ…âœ…âœ…âœ…âœ…,ppppppppppppppppppppppppppppppppppppppppppppppppppppppppppppppppppppppppppppppppppppppppppppppppppppppppppppppppppppppppppppppp,input/codex/fizzbuzz/16.txt,[],[]
144546,11,âœ…âœ…âœ…âœ…âœ…âœ…âœ…âœ…âœ…âœ…âœ…âœ…âœ…âœ…âœ…âœ…âœ…âœ…âœ…âœ…âœ…âœ…âœ…âœ…âœ…âœ…âœ…âœ…âœ…âœ…âœ…âœ…âœ…âœ…âœ…âœ…âœ…âœ…âœ…âœ…âœ…âœ…âœ…âœ…âœ…âœ…âœ…âœ…âœ…âœ…âœ…âœ…âœ…âœ…âœ…âœ…âœ…âœ…âœ…âœ…âœ…âœ…âœ…âœ…âœ…âœ…âœ…âœ…âœ…âœ…âœ…âœ…âœ…âœ…âœ…âœ…âœ…âœ…âœ…âœ…âœ…âœ…âœ…âœ…âœ…âœ…âœ…âœ…âœ…âœ…âœ…âœ…âœ…âœ…âœ…âœ…âœ…âœ…âœ…âœ…âœ…âœ…âœ…âœ…âœ…âœ…âœ…âœ…âœ…âœ…âœ…âœ…âœ…âœ…âœ…âœ…âœ…âœ…âœ…âœ…âœ…âœ…âœ…âœ…âœ…âœ…âœ…,ppppppppppppppppppppppppppppppppppppppppppppppppppppppppppppppppppppppppppppppppppppppppppppppppppppppppppppppppppppppppppppppp,input/codex/fizzbuzz/18.txt,[],[]
144546,17,âœ…âœ…âœ…âœ…âœ…âœ…âœ…âœ…âœ…âœ…âœ…âœ…âœ…âœ…âœ…âœ…âœ…âœ…âœ…âœ…âœ…âœ…âœ…âœ…âœ…âœ…âœ…âœ…âœ…âœ…âœ…âœ…âœ…âœ…âœ…âœ…âœ…âœ…âœ…âœ…âœ…âœ…âœ…âœ…âœ…âœ…âœ…âœ…âœ…âœ…âœ…âœ…âœ…âœ…âœ…âœ…âœ…âœ…âœ…âœ…âœ…âœ…âœ…âœ…âœ…âœ…âœ…âœ…âœ…âœ…âœ…âœ…âœ…âœ…âœ…âœ…âœ…âœ…âœ…âœ…âœ…âœ…âœ…âœ…âœ…âœ…âœ…âœ…âœ…âœ…âœ…âœ…âœ…âœ…âœ…âœ…âœ…âœ…âœ…âœ…âœ…âœ…âœ…âœ…âœ…âœ…âœ…âœ…âœ…âœ…âœ…âœ…âœ…âœ…âœ…âœ…âœ…âœ…âœ…âœ…âœ…âœ…âœ…âœ…âœ…âœ…âœ…,ppppppppppppppppppppppppppppppppppppppppppppppppppppppppppppppppppppppppppppppppppppppppppppppppppppppppppppppppppppppppppppppp,input/codex/fizzbuzz/19.txt,[],[]
144546,23,âœ…âœ…âœ…âœ…âœ…âœ…âœ…âœ…âœ…âœ…âœ…âœ…âœ…âœ…âœ…âœ…âœ…âœ…âœ…âœ…âœ…âœ…âœ…âœ…âœ…âœ…âœ…âœ…âœ…âœ…âœ…âœ…âœ…âœ…âœ…âœ…âœ…âœ…âœ…âœ…âœ…âœ…âœ…âœ…âœ…âœ…âœ…âœ…âœ…âœ…âœ…âœ…âœ…âœ…âœ…âœ…âœ…âœ…âœ…âœ…âœ…âœ…âœ…âœ…âœ…âœ…âœ…âœ…âœ…âœ…âœ…âœ…âœ…âœ…âœ…âœ…âœ…âœ…âœ…âœ…âœ…âœ…âœ…âœ…âœ…âœ…âœ…âœ…âœ…âœ…âœ…âœ…âœ…âœ…âœ…âœ…âœ…âœ…âœ…âœ…âœ…âœ…âœ…âœ…âœ…âœ…âœ…âœ…âœ…âœ…âœ…âœ…âœ…âœ…âœ…âœ…âœ…âœ…âœ…âœ…âœ…âœ…âœ…âœ…âœ…âœ…âœ…,ppppppppppppppppppppppppppppppppppppppppppppppppppppppppppppppppppppppppppppppppppppppppppppppppppppppppppppppppppppppppppppppp,input/codex/fizzbuzz/20.txt,[],[]
144546,twenty-three,ðŸ’€ðŸ’€ðŸ’€ðŸ’€ðŸ’€ðŸ’€ðŸ’€ðŸ’€ðŸ’€ðŸ’€ðŸ’€ðŸ’€ðŸ’€ðŸ’€ðŸ’€ðŸ’€ðŸ’€ðŸ’€ðŸ’€ðŸ’€ðŸ’€ðŸ’€ðŸ’€ðŸ’€ðŸ’€ðŸ’€ðŸ’€ðŸ’€ðŸ’€ðŸ’€ðŸ’€ðŸ’€ðŸ’€ðŸ’€ðŸ’€ðŸ’€ðŸ’€ðŸ’€ðŸ’€ðŸ’€ðŸ’€ðŸ’€ðŸ’€ðŸ’€ðŸ’€ðŸ’€ðŸ’€ðŸ’€ðŸ’€ðŸ’€ðŸ’€ðŸ’€ðŸ’€ðŸ’€ðŸ’€ðŸ’€ðŸ’€ðŸ’€ðŸ’€ðŸ’€ðŸ’€ðŸ’€ðŸ’€ðŸ’€ðŸ’€ðŸ’€ðŸ’€ðŸ’€ðŸ’€ðŸ’€ðŸ’€ðŸ’€ðŸ’€ðŸ’€ðŸ’€ðŸ’€ðŸ’€ðŸ’€ðŸ’€ðŸ’€ðŸ’€ðŸ’€ðŸ’€ðŸ’€ðŸ’€ðŸ’€ðŸ’€ðŸ’€ðŸ’€ðŸ’€ðŸ’€ðŸ’€ðŸ’€ðŸ’€ðŸ’€ðŸ’€ðŸ’€ðŸ’€ðŸ’€ðŸ’€ðŸ’€ðŸ’€ðŸ’€ðŸ’€ðŸ’€ðŸ’€ðŸ’€ðŸ’€ðŸ’€ðŸ’€ðŸ’€ðŸ’€ðŸ’€ðŸ’€ðŸ’€ðŸ’€ðŸ’€ðŸ’€ðŸ’€ðŸ’€ðŸ’€ðŸ’€ðŸ’€ðŸ’€ðŸ’€ðŸ’€ðŸ’€,eeeeeeeeeeeeeeeeeeeeeeeeeeeeeeeeeeeeeeeeeeeeeeeeeeeeeeeeeeeeeeeeeeeeeeeeeeeeeeeeeeeeeeeeeeeeeeeeeeeeeeeeeeeeeeeeeeeeeeeeeeeeeee,input/codex/fizzbuzz/22.txt,[],"[""name 'twenty' is not defined"", ""name 'twenty' is not defined"", ""name 'twenty' is not defined"", ""name 'twenty' is not defined"", ""name 'twenty' is not defined"", ""name 'twenty' is not defined"", ""name 'twenty' is not defined"", ""name 'twenty' is not defined"", ""name 'twenty' is not defined"", ""name 'twenty' is not defined"", ""name 'twenty' is not defined"", ""name 'twenty' is not defined"", ""name 'twenty' is not defined"", ""name 'twenty' is not defined"", ""name 'twenty' is not defined"", ""name 'twenty' is not defined"", ""name 'twenty' is not defined"", ""name 'twenty' is not defined"", ""name 'twenty' is not defined"", ""name 'twenty' is not defined"", ""name 'twenty' is not defined"", ""name 'twenty' is not defined"", ""name 'twenty' is not defined"", ""name 'twenty' is not defined"", ""name 'twenty' is not defined"", ""name 'twenty' is not defined"", ""name 'twenty' is not defined"", ""name 'twenty' is not defined"", ""name 'twenty' is not defined"", ""name 'twenty' is not defined"", ""name 'twenty' is not defined"", ""name 'twenty' is not defined"", ""name 'twenty' is not defined"", ""name 'twenty' is not defined"", ""name 'twenty' is not defined"", ""name 'twenty' is not defined"", ""name 'twenty' is not defined"", ""name 'twenty' is not defined"", ""name 'twenty' is not defined"", ""name 'twenty' is not defined"", ""name 'twenty' is not defined"", ""name 'twenty' is not defined"", ""name 'twenty' is not defined"", ""name 'twenty' is not defined"", ""name 'twenty' is not defined"", ""name 'twenty' is not defined"", ""name 'twenty' is not defined"", ""name 'twenty' is not defined"", ""name 'twenty' is not defined"", ""name 'twenty' is not defined"", ""name 'twenty' is not defined"", ""name 'twenty' is not defined"", ""name 'twenty' is not defined"", ""name 'twenty' is not defined"", ""name 'twenty' is not defined"", ""name 'twenty' is not defined"", ""name 'twenty' is not defined"", ""name 'twenty' is not defined"", ""name 'twenty' is not defined"", ""name 'twenty' is not defined"", ""name 'twenty' is not defined"", ""name 'twenty' is not defined"", ""name 'twenty' is not defined"", ""name 'twenty' is not defined"", ""name 'twenty' is not defined"", ""name 'twenty' is not defined"", ""name 'twenty' is not defined"", ""name 'twenty' is not defined"", ""name 'twenty' is not defined"", ""name 'twenty' is not defined"", ""name 'twenty' is not defined"", ""name 'twenty' is not defined"", ""name 'twenty' is not defined"", ""name 'twenty' is not defined"", ""name 'twenty' is not defined"", ""name 'twenty' is not defined"", ""name 'twenty' is not defined"", ""name 'twenty' is not defined"", ""name 'twenty' is not defined"", ""name 'twenty' is not defined"", ""name 'twenty' is not defined"", ""name 'twenty' is not defined"", ""name 'twenty' is not defined"", ""name 'twenty' is not defined"", ""name 'twenty' is not defined"", ""name 'twenty' is not defined"", ""name 'twenty' is not defined"", ""name 'twenty' is not defined"", ""name 'twenty' is not defined"", ""name 'twenty' is not defined"", ""name 'twenty' is not defined"", ""name 'twenty' is not defined"", ""name 'twenty' is not defined"", ""name 'twenty' is not defined"", ""name 'twenty' is not defined"", ""name 'twenty' is not defined"", ""name 'twenty' is not defined"", ""name 'twenty' is not defined"", ""name 'twenty' is not defined"", ""name 'twenty' is not defined"", ""name 'twenty' is not defined"", ""name 'twenty' is not defined"", ""name 'twenty' is not defined"", ""name 'twenty' is not defined"", ""name 'twenty' is not defined"", ""name 'twenty' is not defined"", ""name 'twenty' is not defined"", ""name 'twenty' is not defined"", ""name 'twenty' is not defined"", ""name 'twenty' is not defined"", ""name 'twenty' is not defined"", ""name 'twenty' is not defined"", ""name 'twenty' is not defined"", ""name 'twenty' is not defined"", ""name 'twenty' is not defined"", ""name 'twenty' is not defined"", ""name 'twenty' is not defined"", ""name 'twenty' is not defined"", ""name 'twenty' is not defined"", ""name 'twenty' is not defined"", ""name 'twenty' is not defined"", ""name 'twenty' is not defined"", ""name 'twenty' is not defined"", ""name 'twenty' is not defined"", ""name 'twenty' is not defined"", ""name 'twenty' is not defined"", ""name 'twenty' is not defined""]"
three,5,âœ…âœ…âœ…âœ…âœ…âœ…âœ…âœ…âœ…âœ…âœ…âœ…âœ…âœ…âœ…âœ…âœ…âœ…âœ…âœ…âœ…âœ…âœ…âœ…âœ…âœ…âœ…âœ…âœ…âœ…âœ…âœ…âœ…âœ…âœ…âœ…âœ…âœ…âœ…âœ…âœ…âœ…âœ…âœ…âœ…âœ…âœ…âœ…âœ…âœ…âœ…âœ…âœ…âœ…âœ…âœ…âœ…âœ…âœ…âœ…âœ…âœ…âœ…âœ…âœ…âœ…âœ…âœ…âœ…âœ…âœ…âœ…âœ…âœ…âœ…âœ…âœ…âœ…âœ…âœ…âœ…âœ…âœ…âœ…âœ…âœ…âœ…âœ…âœ…âœ…âœ…âœ…âœ…âœ…âœ…âœ…âœ…âœ…âœ…âœ…âœ…âœ…âœ…âœ…âœ…âœ…âœ…âœ…âœ…âœ…âœ…âœ…âœ…âœ…âœ…âœ…âœ…âœ…âœ…âœ…âœ…âœ…âœ…âœ…âœ…âœ…âœ…,ppppppppppppppppppppppppppppppppppppppppppppppppppppppppppppppppppppppppppppppppppppppppppppppppppppppppppppppppppppppppppppppp,input/codex/fizzbuzz/24.txt,[],[]
three,11,âœ…âœ…âœ…âœ…âœ…âœ…âœ…âœ…âœ…âœ…âœ…âœ…âœ…âœ…âœ…âœ…âœ…âœ…âœ…âœ…âœ…âœ…âœ…âœ…âœ…âœ…âœ…âœ…âœ…âœ…âœ…âœ…âœ…âœ…âœ…âœ…âœ…âœ…âœ…âœ…âœ…âœ…âœ…âœ…âœ…âœ…âœ…âœ…âœ…âœ…âœ…âœ…âœ…âœ…âœ…âœ…âœ…âœ…âœ…âœ…âœ…âœ…âœ…âœ…âœ…âœ…âœ…âœ…âœ…âœ…âœ…âœ…âœ…âœ…âœ…âœ…âœ…âœ…âœ…âœ…âœ…âœ…âœ…âœ…âœ…âœ…âœ…âœ…âœ…âœ…âœ…âœ…âœ…âœ…âœ…âœ…âœ…âœ…âœ…âœ…âœ…âœ…âœ…âœ…âœ…âœ…âœ…âœ…âœ…âœ…âœ…âœ…âœ…âœ…âœ…âœ…âœ…âœ…âœ…âœ…âœ…âœ…âœ…âœ…âœ…âœ…âœ…,ppppppppppppppppppppppppppppppppppppppppppppppppppppppppppppppppppppppppppppppppppppppppppppppppppppppppppppppppppppppppppppppp,input/codex/fizzbuzz/26.txt,[],[]
three,17,âœ…âœ…âœ…âœ…âœ…âœ…âœ…âœ…âœ…âœ…âœ…âœ…âœ…âœ…âœ…âœ…âœ…âœ…âœ…âœ…âœ…âœ…âœ…âœ…âœ…âœ…âœ…âœ…âœ…âœ…âœ…âœ…âœ…âœ…âœ…âœ…âœ…âœ…âœ…âœ…âœ…âœ…âœ…âœ…âœ…âœ…âœ…âœ…âœ…âœ…âœ…âœ…âœ…âœ…âœ…âœ…âœ…âœ…âœ…âœ…âœ…âœ…âœ…âœ…âœ…âœ…âœ…âœ…âœ…âœ…âœ…âœ…âœ…âœ…âœ…âœ…âœ…âœ…âœ…âœ…âœ…âœ…âœ…âœ…âœ…âœ…âœ…âœ…âœ…âœ…âœ…âœ…âœ…âœ…âœ…âœ…âœ…âœ…âœ…âœ…âœ…âœ…âœ…âœ…âœ…âœ…âœ…âœ…âœ…âœ…âœ…âœ…âœ…âœ…âœ…âœ…âœ…âœ…âœ…âœ…âœ…âœ…âœ…âœ…âœ…âœ…âœ…,ppppppppppppppppppppppppppppppppppppppppppppppppppppppppppppppppppppppppppppppppppppppppppppppppppppppppppppppppppppppppppppppp,input/codex/fizzbuzz/27.txt,[],[]
three,23,âœ…âœ…âœ…âœ…âœ…âœ…âœ…âœ…âœ…âœ…âœ…âœ…âœ…âœ…âœ…âœ…âœ…âœ…âœ…âœ…âœ…âœ…âœ…âœ…âœ…âœ…âœ…âœ…âœ…âœ…âœ…âœ…âœ…âœ…âœ…âœ…âœ…âœ…âœ…âœ…âœ…âœ…âœ…âœ…âœ…âœ…âœ…âœ…âœ…âœ…âœ…âœ…âœ…âœ…âœ…âœ…âœ…âœ…âœ…âœ…âœ…âœ…âœ…âœ…âœ…âœ…âœ…âœ…âœ…âœ…âœ…âœ…âœ…âœ…âœ…âœ…âœ…âœ…âœ…âœ…âœ…âœ…âœ…âœ…âœ…âœ…âœ…âœ…âœ…âœ…âœ…âœ…âœ…âœ…âœ…âœ…âœ…âœ…âœ…âœ…âœ…âœ…âœ…âœ…âœ…âœ…âœ…âœ…âœ…âœ…âœ…âœ…âœ…âœ…âœ…âœ…âœ…âœ…âœ…âœ…âœ…âœ…âœ…âœ…âœ…âœ…âœ…,ppppppppppppppppppppppppppppppppppppppppppppppppppppppppppppppppppppppppppppppppppppppppppppppppppppppppppppppppppppppppppppppp,input/codex/fizzbuzz/28.txt,[],[]
three,twenty-three,âœ…âœ…âœ…âœ…âœ…âœ…âœ…âœ…âœ…âœ…âœ…âœ…âœ…âœ…âœ…âœ…âœ…âœ…âœ…âœ…âœ…âœ…âœ…âœ…âœ…âœ…âœ…âœ…âœ…âœ…âœ…âœ…âœ…âœ…âœ…âœ…âœ…âœ…âœ…âœ…âœ…âœ…âœ…âœ…âœ…âœ…âœ…âœ…âœ…âœ…âœ…âœ…âœ…âœ…âœ…âœ…âœ…âœ…âœ…âœ…âœ…âœ…âœ…âœ…âœ…âœ…âœ…âœ…âœ…âœ…âœ…âœ…âœ…âœ…âœ…âœ…âœ…âœ…âœ…âœ…âœ…âœ…âœ…âœ…âœ…âœ…âœ…âœ…âœ…âœ…âœ…âœ…âœ…âœ…âœ…âœ…âœ…âœ…âœ…âœ…âœ…âœ…âœ…âœ…âœ…âœ…âœ…âœ…âœ…âœ…âœ…âœ…âœ…âœ…âœ…âœ…âœ…âœ…âœ…âœ…âœ…âœ…âœ…âœ…âœ…âœ…âœ…,ppppppppppppppppppppppppppppppppppppppppppppppppppppppppppppppppppppppppppppppppppppppppppppppppppppppppppppppppppppppppppppppp,input/codex/fizzbuzz/30.txt,[],[]
five,3,âœ…âœ…âœ…âœ…âœ…âœ…âœ…âœ…âœ…âœ…âœ…âœ…âœ…âœ…âœ…âœ…âœ…âœ…âœ…âœ…âœ…âœ…âœ…âœ…âœ…âœ…âœ…âœ…âœ…âœ…âœ…âœ…âœ…âœ…âœ…âœ…âœ…âœ…âœ…âœ…âœ…âœ…âœ…âœ…âœ…âœ…âœ…âœ…âœ…âœ…âœ…âœ…âœ…âœ…âœ…âœ…âœ…âœ…âœ…âœ…âœ…âœ…âœ…âœ…âœ…âœ…âœ…âœ…âœ…âœ…âœ…âœ…âœ…âœ…âœ…âœ…âœ…âœ…âœ…âœ…âœ…âœ…âœ…âœ…âœ…âœ…âœ…âœ…âœ…âœ…âœ…âœ…âœ…âœ…âœ…âœ…âœ…âœ…âœ…âœ…âœ…âœ…âœ…âœ…âœ…âœ…âœ…âœ…âœ…âœ…âœ…âœ…âœ…âœ…âœ…âœ…âœ…âœ…âœ…âœ…âœ…âœ…âœ…âœ…âœ…âœ…âœ…,ppppppppppppppppppppppppppppppppppppppppppppppppppppppppppppppppppppppppppppppppppppppppppppppppppppppppppppppppppppppppppppppp,input/codex/fizzbuzz/33.txt,[],[]
five,11,âœ…âœ…âœ…âœ…âœ…âœ…âœ…âœ…âœ…âœ…âœ…âœ…âœ…âœ…âœ…âœ…âœ…âœ…âœ…âœ…âœ…âœ…âœ…âœ…âœ…âœ…âœ…âœ…âœ…âœ…âœ…âœ…âœ…âœ…âœ…âœ…âœ…âœ…âœ…âœ…âœ…âœ…âœ…âœ…âœ…âœ…âœ…âœ…âœ…âœ…âœ…âœ…âœ…âœ…âœ…âœ…âœ…âœ…âœ…âœ…âœ…âœ…âœ…âœ…âœ…âœ…âœ…âœ…âœ…âœ…âœ…âœ…âœ…âœ…âœ…âœ…âœ…âœ…âœ…âœ…âœ…âœ…âœ…âœ…âœ…âœ…âœ…âœ…âœ…âœ…âœ…âœ…âœ…âœ…âœ…âœ…âœ…âœ…âœ…âœ…âœ…âœ…âœ…âœ…âœ…âœ…âœ…âœ…âœ…âœ…âœ…âœ…âœ…âœ…âœ…âœ…âœ…âœ…âœ…âœ…âœ…âœ…âœ…âœ…âœ…âœ…âœ…,ppppppppppppppppppppppppppppppppppppppppppppppppppppppppppppppppppppppppppppppppppppppppppppppppppppppppppppppppppppppppppppppp,input/codex/fizzbuzz/34.txt,[],[]
five,17,âœ…âœ…âœ…âœ…âœ…âœ…âœ…âœ…âœ…âœ…âœ…âœ…âœ…âœ…âœ…âœ…âœ…âœ…âœ…âœ…âœ…âœ…âœ…âœ…âœ…âœ…âœ…âœ…âœ…âœ…âœ…âœ…âœ…âœ…âœ…âœ…âœ…âœ…âœ…âœ…âœ…âœ…âœ…âœ…âœ…âœ…âœ…âœ…âœ…âœ…âœ…âœ…âœ…âœ…âœ…âœ…âœ…âœ…âœ…âœ…âœ…âœ…âœ…âœ…âœ…âœ…âœ…âœ…âœ…âœ…âœ…âœ…âœ…âœ…âœ…âœ…âœ…âœ…âœ…âœ…âœ…âœ…âœ…âœ…âœ…âœ…âœ…âœ…âœ…âœ…âœ…âœ…âœ…âœ…âœ…âœ…âœ…âœ…âœ…âœ…âœ…âœ…âœ…âœ…âœ…âœ…âœ…âœ…âœ…âœ…âœ…âœ…âœ…âœ…âœ…âœ…âœ…âœ…âœ…âœ…âœ…âœ…âœ…âœ…âœ…âœ…âœ…,ppppppppppppppppppppppppppppppppppppppppppppppppppppppppppppppppppppppppppppppppppppppppppppppppppppppppppppppppppppppppppppppp,input/codex/fizzbuzz/35.txt,[],[]
five,23,âœ…âœ…âœ…âœ…âœ…âœ…âœ…âœ…âœ…âœ…âœ…âœ…âœ…âœ…âœ…âœ…âœ…âœ…âœ…âœ…âœ…âœ…âœ…âœ…âœ…âœ…âœ…âœ…âœ…âœ…âœ…âœ…âœ…âœ…âœ…âœ…âœ…âœ…âœ…âœ…âœ…âœ…âœ…âœ…âœ…âœ…âœ…âœ…âœ…âœ…âœ…âœ…âœ…âœ…âœ…âœ…âœ…âœ…âœ…âœ…âœ…âœ…âœ…âœ…âœ…âœ…âœ…âœ…âœ…âœ…âœ…âœ…âœ…âœ…âœ…âœ…âœ…âœ…âœ…âœ…âœ…âœ…âœ…âœ…âœ…âœ…âœ…âœ…âœ…âœ…âœ…âœ…âœ…âœ…âœ…âœ…âœ…âœ…âœ…âœ…âœ…âœ…âœ…âœ…âœ…âœ…âœ…âœ…âœ…âœ…âœ…âœ…âœ…âœ…âœ…âœ…âœ…âœ…âœ…âœ…âœ…âœ…âœ…âœ…âœ…âœ…âœ…,ppppppppppppppppppppppppppppppppppppppppppppppppppppppppppppppppppppppppppppppppppppppppppppppppppppppppppppppppppppppppppppppp,input/codex/fizzbuzz/36.txt,[],[]
five,4948938,âœ…âœ…âœ…âœ…âœ…âœ…âœ…âœ…âœ…âœ…âœ…âœ…âœ…âœ…âœ…âœ…âœ…âœ…âœ…âœ…âœ…âœ…âœ…âœ…âœ…âœ…âœ…âœ…âœ…âœ…âœ…âœ…âœ…âœ…âœ…âœ…âœ…âœ…âœ…âœ…âœ…âœ…âœ…âœ…âœ…âœ…âœ…âœ…âœ…âœ…âœ…âœ…âœ…âœ…âœ…âœ…âœ…âœ…âœ…âœ…âœ…âœ…âœ…âœ…âœ…âœ…âœ…âœ…âœ…âœ…âœ…âœ…âœ…âœ…âœ…âœ…âœ…âœ…âœ…âœ…âœ…âœ…âœ…âœ…âœ…âœ…âœ…âœ…âœ…âœ…âœ…âœ…âœ…âœ…âœ…âœ…âœ…âœ…âœ…âœ…âœ…âœ…âœ…âœ…âœ…âœ…âœ…âœ…âœ…âœ…âœ…âœ…âœ…âœ…âœ…âœ…âœ…âœ…âœ…âœ…âœ…âœ…âœ…âœ…âœ…âœ…âœ…,ppppppppppppppppppppppppppppppppppppppppppppppppppppppppppppppppppppppppppppppppppppppppppppppppppppppppppppppppppppppppppppppp,input/codex/fizzbuzz/37.txt,[],[]
five,twenty-three,âœ…âœ…âœ…âœ…âœ…âœ…âœ…âœ…âœ…âœ…âœ…âœ…âœ…âœ…âœ…âœ…âœ…âœ…âœ…âœ…âœ…âœ…âœ…âœ…âœ…âœ…âœ…âœ…âœ…âœ…âœ…âœ…âœ…âœ…âœ…âœ…âœ…âœ…âœ…âœ…âœ…âœ…âœ…âœ…âœ…âœ…âœ…âœ…âœ…âœ…âœ…âœ…âœ…âœ…âœ…âœ…âœ…âœ…âœ…âœ…âœ…âœ…âœ…âœ…âœ…âœ…âœ…âœ…âœ…âœ…âœ…âœ…âœ…âœ…âœ…âœ…âœ…âœ…âœ…âœ…âœ…âœ…âœ…âœ…âœ…âœ…âœ…âœ…âœ…âœ…âœ…âœ…âœ…âœ…âœ…âœ…âœ…âœ…âœ…âœ…âœ…âœ…âœ…âœ…âœ…âœ…âœ…âœ…âœ…âœ…âœ…âœ…âœ…âœ…âœ…âœ…âœ…âœ…âœ…âœ…âœ…âœ…âœ…âœ…âœ…âœ…âœ…,ppppppppppppppppppppppppppppppppppppppppppppppppppppppppppppppppppppppppppppppppppppppppppppppppppppppppppppppppppppppppppppppp,input/codex/fizzbuzz/38.txt,[],[]
five,a hundred and seventeen,âœ…âœ…âœ…âœ…âœ…âœ…âœ…âœ…âœ…âœ…âœ…âœ…âœ…âœ…âœ…âœ…âœ…âœ…âœ…âœ…âœ…âœ…âœ…âœ…âœ…âœ…âœ…âœ…âœ…âœ…âœ…âœ…âœ…âœ…âœ…âœ…âœ…âœ…âœ…âœ…âœ…âœ…âœ…âœ…âœ…âœ…âœ…âœ…âœ…âœ…âœ…âœ…âœ…âœ…âœ…âœ…âœ…âœ…âœ…âœ…âœ…âœ…âœ…âœ…âœ…âœ…âœ…âœ…âœ…âœ…âœ…âœ…âœ…âœ…âœ…âœ…âœ…âœ…âœ…âœ…âœ…âœ…âœ…âœ…âœ…âœ…âœ…âœ…âœ…âœ…âœ…âœ…âœ…âœ…âœ…âœ…âœ…âœ…âœ…âœ…âœ…âœ…âœ…âœ…âœ…âœ…âœ…âœ…âœ…âœ…âœ…âœ…âœ…âœ…âœ…âœ…âœ…âœ…âœ…âœ…âœ…âœ…âœ…âœ…âœ…âœ…âœ…,ppppppppppppppppppppppppppppppppppppppppppppppppppppppppppppppppppppppppppppppppppppppppppppppppppppppppppppppppppppppppppppppp,input/codex/fizzbuzz/39.txt,[],[]
eleven,5,âœ…âœ…âœ…âœ…âœ…âœ…âœ…âœ…âœ…âœ…âœ…âœ…âœ…âœ…âœ…âœ…âœ…âœ…âœ…âœ…âœ…âœ…âœ…âœ…âœ…âœ…âœ…âœ…âœ…âœ…âœ…âœ…âœ…âœ…âœ…âœ…âœ…âœ…âœ…âœ…âœ…âœ…âœ…âœ…âœ…âœ…âœ…âœ…âœ…âœ…âœ…âœ…âœ…âœ…âœ…âœ…âœ…âœ…âœ…âœ…âœ…âœ…âœ…âœ…âœ…âœ…âœ…âœ…âœ…âœ…âœ…âœ…âœ…âœ…âœ…âœ…âœ…âœ…âœ…âœ…âœ…âœ…âœ…âœ…âœ…âœ…âœ…âœ…âœ…âœ…âœ…âœ…âœ…âœ…âœ…âœ…âœ…âœ…âœ…âœ…âœ…âœ…âœ…âœ…âœ…âœ…âœ…âœ…âœ…âœ…âœ…âœ…âœ…âœ…âœ…âœ…âœ…âœ…âœ…âœ…âœ…âœ…âœ…âœ…âœ…âœ…âœ…,ppppppppppppppppppppppppppppppppppppppppppppppppppppppppppppppppppppppppppppppppppppppppppppppppppppppppppppppppppppppppppppppp,input/codex/fizzbuzz/40.txt,[],[]
eleven,3,âœ…âœ…âœ…âœ…âœ…âœ…âœ…âœ…âœ…âœ…âœ…âœ…âœ…âœ…âœ…âœ…âœ…âœ…âœ…âœ…âœ…âœ…âœ…âœ…âœ…âœ…âœ…âœ…âœ…âœ…âœ…âœ…âœ…âœ…âœ…âœ…âœ…âœ…âœ…âœ…âœ…âœ…âœ…âœ…âœ…âœ…âœ…âœ…âœ…âœ…âœ…âœ…âœ…âœ…âœ…âœ…âœ…âœ…âœ…âœ…âœ…âœ…âœ…âœ…âœ…âœ…âœ…âœ…âœ…âœ…âœ…âœ…âœ…âœ…âœ…âœ…âœ…âœ…âœ…âœ…âœ…âœ…âœ…âœ…âœ…âœ…âœ…âœ…âœ…âœ…âœ…âœ…âœ…âœ…âœ…âœ…âœ…âœ…âœ…âœ…âœ…âœ…âœ…âœ…âœ…âœ…âœ…âœ…âœ…âœ…âœ…âœ…âœ…âœ…âœ…âœ…âœ…âœ…âœ…âœ…âœ…âœ…âœ…âœ…âœ…âœ…âœ…,ppppppppppppppppppppppppppppppppppppppppppppppppppppppppppppppppppppppppppppppppppppppppppppppppppppppppppppppppppppppppppppppp,input/codex/fizzbuzz/41.txt,[],[]
eleven,17,âœ…âœ…âœ…âœ…âœ…âœ…âœ…âœ…âœ…âœ…âœ…âœ…âœ…âœ…âœ…âœ…âœ…âœ…âœ…âœ…âœ…âœ…âœ…âœ…âœ…âœ…âœ…âœ…âœ…âœ…âœ…âœ…âœ…âœ…âœ…âœ…âœ…âœ…âœ…âœ…âœ…âœ…âœ…âœ…âœ…âœ…âœ…âœ…âœ…âœ…âœ…âœ…âœ…âœ…âœ…âœ…âœ…âœ…âœ…âœ…âœ…âœ…âœ…âœ…âœ…âœ…âœ…âœ…âœ…âœ…âœ…âœ…âœ…âœ…âœ…âœ…âœ…âœ…âœ…âœ…âœ…âœ…âœ…âœ…âœ…âœ…âœ…âœ…âœ…âœ…âœ…âœ…âœ…âœ…âœ…âœ…âœ…âœ…âœ…âœ…âœ…âœ…âœ…âœ…âœ…âœ…âœ…âœ…âœ…âœ…âœ…âœ…âœ…âœ…âœ…âœ…âœ…âœ…âœ…âœ…âœ…âœ…âœ…âœ…âœ…âœ…âœ…,ppppppppppppppppppppppppppppppppppppppppppppppppppppppppppppppppppppppppppppppppppppppppppppppppppppppppppppppppppppppppppppppp,input/codex/fizzbuzz/43.txt,[],[]
eleven,23,âœ…âœ…âœ…âœ…âœ…âœ…âœ…âœ…âœ…âœ…âœ…âœ…âœ…âœ…âœ…âœ…âœ…âœ…âœ…âœ…âœ…âœ…âœ…âœ…âœ…âœ…âœ…âœ…âœ…âœ…âœ…âœ…âœ…âœ…âœ…âœ…âœ…âœ…âœ…âœ…âœ…âœ…âœ…âœ…âœ…âœ…âœ…âœ…âœ…âœ…âœ…âœ…âœ…âœ…âœ…âœ…âœ…âœ…âœ…âœ…âœ…âœ…âœ…âœ…âœ…âœ…âœ…âœ…âœ…âœ…âœ…âœ…âœ…âœ…âœ…âœ…âœ…âœ…âœ…âœ…âœ…âœ…âœ…âœ…âœ…âœ…âœ…âœ…âœ…âœ…âœ…âœ…âœ…âœ…âœ…âœ…âœ…âœ…âœ…âœ…âœ…âœ…âœ…âœ…âœ…âœ…âœ…âœ…âœ…âœ…âœ…âœ…âœ…âœ…âœ…âœ…âœ…âœ…âœ…âœ…âœ…âœ…âœ…âœ…âœ…âœ…âœ…,ppppppppppppppppppppppppppppppppppppppppppppppppppppppppppppppppppppppppppppppppppppppppppppppppppppppppppppppppppppppppppppppp,input/codex/fizzbuzz/44.txt,[],[]
eleven,4948938,âœ…âœ…âœ…âœ…âœ…âœ…âœ…âœ…âœ…âœ…âœ…âœ…âœ…âœ…âœ…âœ…âœ…âœ…âœ…âœ…âœ…âœ…âœ…âœ…âœ…âœ…âœ…âœ…âœ…âœ…âœ…âœ…âœ…âœ…âœ…âœ…âœ…âœ…âœ…âœ…âœ…âœ…âœ…âœ…âœ…âœ…âœ…âœ…âœ…âœ…âœ…âœ…âœ…âœ…âœ…âœ…âœ…âœ…âœ…âœ…âœ…âœ…âœ…âœ…âœ…âœ…âœ…âœ…âœ…âœ…âœ…âœ…âœ…âœ…âœ…âœ…âœ…âœ…âœ…âœ…âœ…âœ…âœ…âœ…âœ…âœ…âœ…âœ…âœ…âœ…âœ…âœ…âœ…âœ…âœ…âœ…âœ…âœ…âœ…âœ…âœ…âœ…âœ…âœ…âœ…âœ…âœ…âœ…âœ…âœ…âœ…âœ…âœ…âœ…âœ…âœ…âœ…âœ…âœ…âœ…âœ…âœ…âœ…âœ…âœ…âœ…âœ…,ppppppppppppppppppppppppppppppppppppppppppppppppppppppppppppppppppppppppppppppppppppppppppppppppppppppppppppppppppppppppppppppp,input/codex/fizzbuzz/45.txt,[],[]
eleven,twenty-three,âœ…âœ…âœ…âœ…âœ…âœ…âœ…âœ…âœ…âœ…âœ…âœ…âœ…âœ…âœ…âœ…âœ…âœ…âœ…âœ…âœ…âœ…âœ…âœ…âœ…âœ…âœ…âœ…âœ…âœ…âœ…âœ…âœ…âœ…âœ…âœ…âœ…âœ…âœ…âœ…âœ…âœ…âœ…âœ…âœ…âœ…âœ…âœ…âœ…âœ…âœ…âœ…âœ…âœ…âœ…âœ…âœ…âœ…âœ…âœ…âœ…âœ…âœ…âœ…âœ…âœ…âœ…âœ…âœ…âœ…âœ…âœ…âœ…âœ…âœ…âœ…âœ…âœ…âœ…âœ…âœ…âœ…âœ…âœ…âœ…âœ…âœ…âœ…âœ…âœ…âœ…âœ…âœ…âœ…âœ…âœ…âœ…âœ…âœ…âœ…âœ…âœ…âœ…âœ…âœ…âœ…âœ…âœ…âœ…âœ…âœ…âœ…âœ…âœ…âœ…âœ…âœ…âœ…âœ…âœ…âœ…âœ…âœ…âœ…âœ…âœ…âœ…,ppppppppppppppppppppppppppppppppppppppppppppppppppppppppppppppppppppppppppppppppppppppppppppppppppppppppppppppppppppppppppppppp,input/codex/fizzbuzz/46.txt,[],[]
eleven,a hundred and seventeen,âœ…âœ…âœ…âœ…âœ…âœ…âœ…âœ…âœ…âœ…âœ…âœ…âœ…âœ…âœ…âœ…âœ…âœ…âœ…âœ…âœ…âœ…âœ…âœ…âœ…âœ…âœ…âœ…âœ…âœ…âœ…âœ…âœ…âœ…âœ…âœ…âœ…âœ…âœ…âœ…âœ…âœ…âœ…âœ…âœ…âœ…âœ…âœ…âœ…âœ…âœ…âœ…âœ…âœ…âœ…âœ…âœ…âœ…âœ…âœ…âœ…âœ…âœ…âœ…âœ…âœ…âœ…âœ…âœ…âœ…âœ…âœ…âœ…âœ…âœ…âœ…âœ…âœ…âœ…âœ…âœ…âœ…âœ…âœ…âœ…âœ…âœ…âœ…âœ…âœ…âœ…âœ…âœ…âœ…âœ…âœ…âœ…âœ…âœ…âœ…âœ…âœ…âœ…âœ…âœ…âœ…âœ…âœ…âœ…âœ…âœ…âœ…âœ…âœ…âœ…âœ…âœ…âœ…âœ…âœ…âœ…âœ…âœ…âœ…âœ…âœ…âœ…,ppppppppppppppppppppppppppppppppppppppppppppppppppppppppppppppppppppppppppppppppppppppppppppppppppppppppppppppppppppppppppppppp,input/codex/fizzbuzz/47.txt,[],[]
seventeen,5,âœ…âœ…âœ…âœ…âœ…âœ…âœ…âœ…âœ…âœ…âœ…âœ…âœ…âœ…âœ…âœ…âœ…âœ…âœ…âœ…âœ…âœ…âœ…âœ…âœ…âœ…âœ…âœ…âœ…âœ…âœ…âœ…âœ…âœ…âœ…âœ…âœ…âœ…âœ…âœ…âœ…âœ…âœ…âœ…âœ…âœ…âœ…âœ…âœ…âœ…âœ…âœ…âœ…âœ…âœ…âœ…âœ…âœ…âœ…âœ…âœ…âœ…âœ…âœ…âœ…âœ…âœ…âœ…âœ…âœ…âœ…âœ…âœ…âœ…âœ…âœ…âœ…âœ…âœ…âœ…âœ…âœ…âœ…âœ…âœ…âœ…âœ…âœ…âœ…âœ…âœ…âœ…âœ…âœ…âœ…âœ…âœ…âœ…âœ…âœ…âœ…âœ…âœ…âœ…âœ…âœ…âœ…âœ…âœ…âœ…âœ…âœ…âœ…âœ…âœ…âœ…âœ…âœ…âœ…âœ…âœ…âœ…âœ…âœ…âœ…âœ…âœ…,ppppppppppppppppppppppppppppppppppppppppppppppppppppppppppppppppppppppppppppppppppppppppppppppppppppppppppppppppppppppppppppppp,input/codex/fizzbuzz/48.txt,[],[]
seventeen,3,âœ…âœ…âœ…âœ…âœ…âœ…âœ…âœ…âœ…âœ…âœ…âœ…âœ…âœ…âœ…âœ…âœ…âœ…âœ…âœ…âœ…âœ…âœ…âœ…âœ…âœ…âœ…âœ…âœ…âœ…âœ…âœ…âœ…âœ…âœ…âœ…âœ…âœ…âœ…âœ…âœ…âœ…âœ…âœ…âœ…âœ…âœ…âœ…âœ…âœ…âœ…âœ…âœ…âœ…âœ…âœ…âœ…âœ…âœ…âœ…âœ…âœ…âœ…âœ…âœ…âœ…âœ…âœ…âœ…âœ…âœ…âœ…âœ…âœ…âœ…âœ…âœ…âœ…âœ…âœ…âœ…âœ…âœ…âœ…âœ…âœ…âœ…âœ…âœ…âœ…âœ…âœ…âœ…âœ…âœ…âœ…âœ…âœ…âœ…âœ…âœ…âœ…âœ…âœ…âœ…âœ…âœ…âœ…âœ…âœ…âœ…âœ…âœ…âœ…âœ…âœ…âœ…âœ…âœ…âœ…âœ…âœ…âœ…âœ…âœ…âœ…âœ…,ppppppppppppppppppppppppppppppppppppppppppppppppppppppppppppppppppppppppppppppppppppppppppppppppppppppppppppppppppppppppppppppp,input/codex/fizzbuzz/49.txt,[],[]
seventeen,11,âœ…âœ…âœ…âœ…âœ…âœ…âœ…âœ…âœ…âœ…âœ…âœ…âœ…âœ…âœ…âœ…âœ…âœ…âœ…âœ…âœ…âœ…âœ…âœ…âœ…âœ…âœ…âœ…âœ…âœ…âœ…âœ…âœ…âœ…âœ…âœ…âœ…âœ…âœ…âœ…âœ…âœ…âœ…âœ…âœ…âœ…âœ…âœ…âœ…âœ…âœ…âœ…âœ…âœ…âœ…âœ…âœ…âœ…âœ…âœ…âœ…âœ…âœ…âœ…âœ…âœ…âœ…âœ…âœ…âœ…âœ…âœ…âœ…âœ…âœ…âœ…âœ…âœ…âœ…âœ…âœ…âœ…âœ…âœ…âœ…âœ…âœ…âœ…âœ…âœ…âœ…âœ…âœ…âœ…âœ…âœ…âœ…âœ…âœ…âœ…âœ…âœ…âœ…âœ…âœ…âœ…âœ…âœ…âœ…âœ…âœ…âœ…âœ…âœ…âœ…âœ…âœ…âœ…âœ…âœ…âœ…âœ…âœ…âœ…âœ…âœ…âœ…,ppppppppppppppppppppppppppppppppppppppppppppppppppppppppppppppppppppppppppppppppppppppppppppppppppppppppppppppppppppppppppppppp,input/codex/fizzbuzz/50.txt,[],[]
seventeen,23,âœ…âœ…âœ…âœ…âœ…âœ…âœ…âœ…âœ…âœ…âœ…âœ…âœ…âœ…âœ…âœ…âœ…âœ…âœ…âœ…âœ…âœ…âœ…âœ…âœ…âœ…âœ…âœ…âœ…âœ…âœ…âœ…âœ…âœ…âœ…âœ…âœ…âœ…âœ…âœ…âœ…âœ…âœ…âœ…âœ…âœ…âœ…âœ…âœ…âœ…âœ…âœ…âœ…âœ…âœ…âœ…âœ…âœ…âœ…âœ…âœ…âœ…âœ…âœ…âœ…âœ…âœ…âœ…âœ…âœ…âœ…âœ…âœ…âœ…âœ…âœ…âœ…âœ…âœ…âœ…âœ…âœ…âœ…âœ…âœ…âœ…âœ…âœ…âœ…âœ…âœ…âœ…âœ…âœ…âœ…âœ…âœ…âœ…âœ…âœ…âœ…âœ…âœ…âœ…âœ…âœ…âœ…âœ…âœ…âœ…âœ…âœ…âœ…âœ…âœ…âœ…âœ…âœ…âœ…âœ…âœ…âœ…âœ…âœ…âœ…âœ…âœ…,ppppppppppppppppppppppppppppppppppppppppppppppppppppppppppppppppppppppppppppppppppppppppppppppppppppppppppppppppppppppppppppppp,input/codex/fizzbuzz/52.txt,[],[]
seventeen,twenty-three,âœ…âœ…âœ…âœ…âœ…âœ…âœ…âœ…âœ…âœ…âœ…âœ…âœ…âœ…âœ…âœ…âœ…âœ…âœ…âœ…âœ…âœ…âœ…âœ…âœ…âœ…âœ…âœ…âœ…âœ…âœ…âœ…âœ…âœ…âœ…âœ…âœ…âœ…âœ…âœ…âœ…âœ…âœ…âœ…âœ…âœ…âœ…âœ…âœ…âœ…âœ…âœ…âœ…âœ…âœ…âœ…âœ…âœ…âœ…âœ…âœ…âœ…âœ…âœ…âœ…âœ…âœ…âœ…âœ…âœ…âœ…âœ…âœ…âœ…âœ…âœ…âœ…âœ…âœ…âœ…âœ…âœ…âœ…âœ…âœ…âœ…âœ…âœ…âœ…âœ…âœ…âœ…âœ…âœ…âœ…âœ…âœ…âœ…âœ…âœ…âœ…âœ…âœ…âœ…âœ…âœ…âœ…âœ…âœ…âœ…âœ…âœ…âœ…âœ…âœ…âœ…âœ…âœ…âœ…âœ…âœ…âœ…âœ…âœ…âœ…âœ…âœ…,ppppppppppppppppppppppppppppppppppppppppppppppppppppppppppppppppppppppppppppppppppppppppppppppppppppppppppppppppppppppppppppppp,input/codex/fizzbuzz/54.txt,[],[]
seventeen,a hundred and seventeen,âœ…âœ…âœ…âœ…âœ…âœ…âœ…âœ…âœ…âœ…âœ…âœ…âœ…âœ…âœ…âœ…âœ…âœ…âœ…âœ…âœ…âœ…âœ…âœ…âœ…âœ…âœ…âœ…âœ…âœ…âœ…âœ…âœ…âœ…âœ…âœ…âœ…âœ…âœ…âœ…âœ…âœ…âœ…âœ…âœ…âœ…âœ…âœ…âœ…âœ…âœ…âœ…âœ…âœ…âœ…âœ…âœ…âœ…âœ…âœ…âœ…âœ…âœ…âœ…âœ…âœ…âœ…âœ…âœ…âœ…âœ…âœ…âœ…âœ…âœ…âœ…âœ…âœ…âœ…âœ…âœ…âœ…âœ…âœ…âœ…âœ…âœ…âœ…âœ…âœ…âœ…âœ…âœ…âœ…âœ…âœ…âœ…âœ…âœ…âœ…âœ…âœ…âœ…âœ…âœ…âœ…âœ…âœ…âœ…âœ…âœ…âœ…âœ…âœ…âœ…âœ…âœ…âœ…âœ…âœ…âœ…âœ…âœ…âœ…âœ…âœ…âœ…,ppppppppppppppppppppppppppppppppppppppppppppppppppppppppppppppppppppppppppppppppppppppppppppppppppppppppppppppppppppppppppppppp,input/codex/fizzbuzz/55.txt,[],[]
ninety-nine,5,âœ…âœ…âœ…âœ…âœ…âœ…âœ…âœ…âœ…âœ…âœ…âœ…âœ…âœ…âœ…âœ…âœ…âœ…âœ…âœ…âœ…âœ…âœ…âœ…âœ…âœ…âœ…âœ…âœ…âœ…âœ…âœ…âœ…âœ…âœ…âœ…âœ…âœ…âœ…âœ…âœ…âœ…âœ…âœ…âœ…âœ…âœ…âœ…âœ…âœ…âœ…âœ…âœ…âœ…âœ…âœ…âœ…âœ…âœ…âœ…âœ…âœ…âœ…âœ…âœ…âœ…âœ…âœ…âœ…âœ…âœ…âœ…âœ…âœ…âœ…âœ…âœ…âœ…âœ…âœ…âœ…âœ…âœ…âœ…âœ…âœ…âœ…âœ…âœ…âœ…âœ…âœ…âœ…âœ…âœ…âœ…âœ…âœ…âœ…âœ…âœ…âœ…âœ…âœ…âœ…âœ…âœ…âœ…âœ…âœ…âœ…âœ…âœ…âœ…âœ…âœ…âœ…âœ…âœ…âœ…âœ…âœ…âœ…âœ…âœ…âœ…âœ…,ppppppppppppppppppppppppppppppppppppppppppppppppppppppppppppppppppppppppppppppppppppppppppppppppppppppppppppppppppppppppppppppp,input/codex/fizzbuzz/56.txt,[],[]
ninety-nine,17,âœ…âœ…âœ…âœ…âœ…âœ…âœ…âœ…âœ…âœ…âœ…âœ…âœ…âœ…âœ…âœ…âœ…âœ…âœ…âœ…âœ…âœ…âœ…âœ…âœ…âœ…âœ…âœ…âœ…âœ…âœ…âœ…âœ…âœ…âœ…âœ…âœ…âœ…âœ…âœ…âœ…âœ…âœ…âœ…âœ…âœ…âœ…âœ…âœ…âœ…âœ…âœ…âœ…âœ…âœ…âœ…âœ…âœ…âœ…âœ…âœ…âœ…âœ…âœ…âœ…âœ…âœ…âœ…âœ…âœ…âœ…âœ…âœ…âœ…âœ…âœ…âœ…âœ…âœ…âœ…âœ…âœ…âœ…âœ…âœ…âœ…âœ…âœ…âœ…âœ…âœ…âœ…âœ…âœ…âœ…âœ…âœ…âœ…âœ…âœ…âœ…âœ…âœ…âœ…âœ…âœ…âœ…âœ…âœ…âœ…âœ…âœ…âœ…âœ…âœ…âœ…âœ…âœ…âœ…âœ…âœ…âœ…âœ…âœ…âœ…âœ…âœ…,ppppppppppppppppppppppppppppppppppppppppppppppppppppppppppppppppppppppppppppppppppppppppppppppppppppppppppppppppppppppppppppppp,input/codex/fizzbuzz/59.txt,[],[]
ninety-nine,23,âœ…âœ…âœ…âœ…âœ…âœ…âœ…âœ…âœ…âœ…âœ…âœ…âœ…âœ…âœ…âœ…âœ…âœ…âœ…âœ…âœ…âœ…âœ…âœ…âœ…âœ…âœ…âœ…âœ…âœ…âœ…âœ…âœ…âœ…âœ…âœ…âœ…âœ…âœ…âœ…âœ…âœ…âœ…âœ…âœ…âœ…âœ…âœ…âœ…âœ…âœ…âœ…âœ…âœ…âœ…âœ…âœ…âœ…âœ…âœ…âœ…âœ…âœ…âœ…âœ…âœ…âœ…âœ…âœ…âœ…âœ…âœ…âœ…âœ…âœ…âœ…âœ…âœ…âœ…âœ…âœ…âœ…âœ…âœ…âœ…âœ…âœ…âœ…âœ…âœ…âœ…âœ…âœ…âœ…âœ…âœ…âœ…âœ…âœ…âœ…âœ…âœ…âœ…âœ…âœ…âœ…âœ…âœ…âœ…âœ…âœ…âœ…âœ…âœ…âœ…âœ…âœ…âœ…âœ…âœ…âœ…âœ…âœ…âœ…âœ…âœ…âœ…,ppppppppppppppppppppppppppppppppppppppppppppppppppppppppppppppppppppppppppppppppppppppppppppppppppppppppppppppppppppppppppppppp,input/codex/fizzbuzz/60.txt,[],[]
ninety-nine,twenty-three,âœ…âœ…âœ…âœ…âœ…âœ…âœ…âœ…âœ…âœ…âœ…âœ…âœ…âœ…âœ…âœ…âœ…âœ…âœ…âœ…âœ…âœ…âœ…âœ…âœ…âœ…âœ…âœ…âœ…âœ…âœ…âœ…âœ…âœ…âœ…âœ…âœ…âœ…âœ…âœ…âœ…âœ…âœ…âœ…âœ…âœ…âœ…âœ…âœ…âœ…âœ…âœ…âœ…âœ…âœ…âœ…âœ…âœ…âœ…âœ…âœ…âœ…âœ…âœ…âœ…âœ…âœ…âœ…âœ…âœ…âœ…âœ…âœ…âœ…âœ…âœ…âœ…âœ…âœ…âœ…âœ…âœ…âœ…âœ…âœ…âœ…âœ…âœ…âœ…âœ…âœ…âœ…âœ…âœ…âœ…âœ…âœ…âœ…âœ…âœ…âœ…âœ…âœ…âœ…âœ…âœ…âœ…âœ…âœ…âœ…âœ…âœ…âœ…âœ…âœ…âœ…âœ…âœ…âœ…âœ…âœ…âœ…âœ…âœ…âœ…âœ…âœ…,ppppppppppppppppppppppppppppppppppppppppppppppppppppppppppppppppppppppppppppppppppppppppppppppppppppppppppppppppppppppppppppppp,input/codex/fizzbuzz/62.txt,[],[]
